power, vel
-1, 0
-1, 0
-1, -219.1
-1, -294.107
-1, -324.254
-1, -352.128
-1, -349.91
-1, -367.613
-1, -364.947
-1, -381.279
-1, -372.439
-1, -384.911
-1, -396
-1, -381.935
-1, -390.434
-1, -379.543
-1, -382.867
-1, -383.638
-1, -390.263
-1, -388.274
-1, -392.85
-1, -388.954
-1, -381.443
-1, -391.926
-1, -378.412
-1, -389.238
-1, -383.803
-1, -381.825
-1, -386.81
-1, -390.492
-1, -381.279
-1, -383.362
-1, -381.007
-1, -386.698
-1, -390.206
-1, -390.035
-1, -392.966
-1, -378.465
-1, -394.069
-1, -377.608
-1, -392.157
-1, -385.579
-1, -392.157
-1, -389.75
-1, -399.56
-1, -397.121
-1, -385.747
-1, -385.97
-1, -383.638
-1, -389.238
-1, -391.639
-0.98, -394.127
-0.98, -388.784
-0.98, -386.305
-0.98, -383.914
-0.98, -381.989
-0.98, -389.579
-0.98, -389.294
-0.98, -385.914
-0.98, -397.535
-0.98, -391.581
-0.98, -389.807
-0.98, -392.966
-0.98, -378.949
-0.98, -381.607
-0.98, -390.835
-0.98, -391.064
-0.98, -396.118
-0.98, -393.43
-0.98, -384.911
-0.98, -382.153
-0.98, -389.067
-0.98, -386.138
-0.98, -389.181
-0.98, -387.541
-0.98, -379.489
-0.98, -388.727
-0.98, -384.301
-0.98, -385.412
-0.98, -393.72
-0.98, -381.935
-0.98, -388.614
-0.98, -391.409
-0.98, -397.595
-0.98, -384.8
-0.98, -393.082
-0.98, -382.153
-0.98, -387.315
-0.98, -396.059
-0.98, -379.867
-0.98, -386.81
-0.98, -381.388
-0.98, -388.897
-0.98, -386.922
-0.98, -385.524
-0.98, -389.636
-0.98, -394.769
-0.98, -384.523
-0.98, -394.536
-0.98, -387.372
-0.98, -392.85
-0.98, -385.914
-0.96, -391.869
-0.96, -385.468
-0.96, -381.279
-0.96, -389.465
-0.96, -366.754
-0.96, -369.191
-0.96, -365.197
-0.96, -364.697
-0.96, -362.171
-0.96, -361.141
-0.96, -375.111
-0.96, -364.897
-0.96, -367.867
-0.96, -357.894
-0.96, -360.409
-0.96, -361.288
-0.96, -357.175
-0.96, -363.207
-0.96, -364.299
-0.96, -371.816
-0.96, -364.747
-0.96, -378.896
-0.96, -357.606
-0.96, -362.024
-0.96, -360.409
-0.96, -367.918
-0.96, -353.294
-0.96, -366.3
-0.96, -364
-0.96, -362.614
-0.96, -358.471
-0.96, -352.128
-0.96, -361.386
-0.96, -355.983
-0.96, -359.68
-0.96, -359.583
-0.96, -364
-0.96, -378.842
-0.96, -361.827
-0.96, -372.908
-0.96, -354.139
-0.96, -367.107
-0.96, -356.554
-0.96, -370.525
-0.96, -360.946
-0.96, -369.908
-0.96, -354.988
-0.96, -363.851
-0.96, -360.799
-0.96, -356.316
-0.96, -363.207
-0.94, -360.995
-0.94, -364.598
-0.94, -360.848
-0.94, -354.704
-0.94, -348.766
-0.94, -356.745
-0.94, -346.096
-0.94, -354.233
-0.94, -345.737
-0.94, -358.086
-0.94, -351.617
-0.94, -355.319
-0.94, -353.201
-0.94, -350.232
-0.94, -351.339
-0.94, -355.983
-0.94, -357.99
-0.94, -354.233
-0.94, -361.386
-0.94, -356.84
-0.94, -355.129
-0.94, -347.947
-0.94, -349.864
-0.94, -354.374
-0.94, -359.292
-0.94, -355.413
-0.94, -370.525
-0.94, -358.375
-0.94, -366.603
-0.94, -350.232
-0.94, -356.459
-0.94, -351.989
-0.94, -343.82
-0.94, -352.78
-0.94, -361.288
-0.94, -362.861
-0.94, -357.558
-0.94, -346.726
-0.94, -364.997
-0.94, -355.745
-0.94, -356.268
-0.94, -352.547
-0.94, -355.603
-0.94, -350.002
-0.94, -356.84
-0.94, -354.374
-0.94, -358.568
-0.94, -349.727
-0.94, -355.366
-0.94, -353.388
-0.94, -367.867
-0.92, -347.675
-0.92, -353.763
-0.92, -345.244
-0.92, -351.293
-0.92, -348.812
-0.92, -353.904
-0.92, -343.687
-0.92, -353.857
-0.92, -348.812
-0.92, -358.23
-0.92, -343.2
-0.92, -351.478
-0.92, -334.798
-0.92, -352.035
-0.92, -336.956
-0.92, -344.042
-0.92, -345.781
-0.92, -341.18
-0.92, -356.697
-0.92, -347.087
-0.92, -349.223
-0.92, -334.672
-0.92, -344.531
-0.92, -344.264
-0.92, -347.584
-0.92, -340.919
-0.92, -345.961
-0.92, -349.589
-0.92, -356.173
-0.92, -341.88
-0.92, -343.024
-0.92, -337.382
-0.92, -347.494
-0.92, -348.038
-0.92, -343.466
-0.92, -350.002
-0.92, -342.98
-0.92, -361.239
-0.92, -353.294
-0.92, -339.357
-0.92, -342.319
-0.92, -348.629
-0.92, -347.041
-0.92, -355.082
-0.92, -344.575
-0.92, -351.617
-0.92, -348.675
-0.92, -365.748
-0.92, -341.968
-0.92, -347.267
-0.92, -345.289
-0.9, -349.956
-0.9, -347.177
-0.9, -339.4
-0.9, -344.575
-0.9, -350.14
-0.9, -339.659
-0.9, -326.437
-0.9, -346.861
-0.9, -338.839
-0.9, -345.021
-0.9, -336.913
-0.9, -343.2
-0.9, -340.614
-0.9, -350.693
-0.9, -337.083
-0.9, -332.047
-0.9, -345.647
-0.9, -336.998
-0.9, -344.264
-0.9, -333.25
-0.9, -338.195
-0.9, -347.856
-0.9, -343.687
-0.9, -336.743
-0.9, -332.212
-0.9, -350.739
-0.9, -334.169
-0.9, -354.421
-0.9, -349.132
-0.9, -340.397
-0.9, -340.701
-0.9, -333.375
-0.9, -333.876
-0.9, -336.021
-0.9, -352.221
-0.9, -332.959
-0.9, -350.37
-0.9, -337.895
-0.9, -342.144
-0.9, -335.768
-0.9, -346.051
-0.9, -336.7
-0.9, -336.998
-0.9, -352.407
-0.9, -334.84
-0.9, -355.983
-0.9, -337.595
-0.9, -336.233
-0.9, -344.62
-0.9, -337.297
-0.9, -336.149
-0.88, -330.975
-0.88, -351.757
-0.88, -339.4
-0.88, -340.049
-0.88, -336.488
-0.88, -339.487
-0.88, -329.992
-0.88, -327.641
-0.88, -331.428
-0.88, -330.319
-0.88, -350.462
-0.88, -335.135
-0.88, -334.294
-0.88, -336.403
-0.88, -333.292
-0.88, -332.668
-0.88, -334.085
-0.88, -323.271
-0.88, -335.008
-0.88, -323.311
-0.88, -333.417
-0.88, -332.336
-0.88, -336.998
-0.88, -329.34
-0.88, -329.015
-0.88, -331.716
-0.88, -321.867
-0.88, -324.847
-0.88, -337.083
-0.88, -324.097
-0.88, -336.318
-0.88, -330.401
-0.88, -334.714
-0.88, -338.023
-0.88, -324.57
-0.88, -343.068
-0.88, -323.193
-0.88, -342.671
-0.88, -334.336
-0.88, -340.57
-0.88, -336.658
-0.88, -328.691
-0.88, -331.057
-0.88, -329.015
-0.88, -325.879
-0.88, -332.336
-0.88, -322.88
-0.88, -338.109
-0.88, -329.544
-0.88, -343.245
-0.88, -333.96
-0.86, -333.876
-0.86, -346.051
-0.86, -321.13
-0.86, -327.842
-0.86, -328.488
-0.86, -319.285
-0.86, -328.934
-0.86, -323.978
-0.86, -328.367
-0.86, -328.084
-0.86, -316.368
-0.86, -327.198
-0.86, -319.285
-0.86, -326.557
-0.86, -324.373
-0.86, -319.132
-0.86, -326.878
-0.86, -332.502
-0.86, -327.158
-0.86, -321.906
-0.86, -322.763
-0.86, -321.867
-0.86, -320.937
-0.86, -317.423
-0.86, -323.232
-0.86, -323.311
-0.86, -324.412
-0.86, -322.607
-0.86, -326.557
-0.86, -324.136
-0.86, -318.408
-0.86, -321.479
-0.86, -321.634
-0.86, -321.092
-0.86, -323.625
-0.86, -326.437
-0.86, -324.926
-0.86, -320.821
-0.86, -322.334
-0.86, -321.44
-0.86, -316.706
-0.86, -339.227
-0.86, -319.744
-0.86, -326.918
-0.86, -325.6
-0.86, -317.158
-0.86, -327.158
-0.86, -322.607
-0.86, -322.139
-0.86, -328.488
-0.86, -316.894
-0.84, -334.63
-0.84, -324.451
-0.84, -318.446
-0.84, -323.939
-0.84, -315.619
-0.84, -315.806
-0.84, -313.357
-0.84, -318.484
-0.84, -313.836
-0.84, -314.317
-0.84, -304.31
-0.84, -329.462
-0.84, -321.906
-0.84, -310.005
-0.84, -318.674
-0.84, -324.688
-0.84, -311.49
-0.84, -314.428
-0.84, -313.504
-0.84, -310.078
-0.84, -316.556
-0.84, -315.47
-0.84, -309.071
-0.84, -320.051
-0.84, -316.481
-0.84, -304.171
-0.84, -334.211
-0.84, -309.25
-0.84, -310.15
-0.84, -314.837
-0.84, -312.11
-0.84, -320.628
-0.84, -319.744
-0.84, -309.897
-0.84, -305.881
-0.84, -318.218
-0.84, -311.599
-0.84, -304.102
-0.84, -320.436
-0.84, -318.256
-0.84, -316.106
-0.84, -317.234
-0.84, -319.936
-0.84, -318.066
-0.84, -304.414
-0.84, -301.83
-0.84, -312.659
-0.84, -327.802
-0.84, -311.964
-0.84, -309.322
-0.84, -322.49
-0.82, -312.476
-0.82, -313.615
-0.82, -307.255
-0.82, -302.035
-0.82, -319.361
-0.82, -307.716
-0.82, -308.321
-0.82, -302.377
-0.82, -318.674
-0.82, -307.609
-0.82, -306.443
-0.82, -313.099
-0.82, -314.911
-0.82, -302.583
-0.82, -315.806
-0.82, -304.067
-0.82, -303.894
-0.82, -303.998
-0.82, -312.219
-0.82, -307.326
-0.82, -309.861
-0.82, -320.744
-0.82, -308.749
-0.82, -296.263
-0.82, -308.428
-0.82, -304.901
-0.82, -304.692
-0.82, -315.844
-0.82, -319.4
-0.82, -310.294
-0.82, -312.879
-0.82, -305.845
-0.82, -305.951
-0.82, -294.594
-0.82, -312.476
-0.82, -310.692
-0.82, -305.565
-0.82, -316.631
-0.82, -306.831
-0.82, -311.49
-0.82, -306.161
-0.82, -305.916
-0.82, -304.762
-0.82, -304.449
-0.82, -314.911
-0.82, -306.725
-0.82, -303.617
-0.82, -307.716
-0.82, -308.785
-0.82, -305.215
-0.82, -309.107
-0.8, -318.332
-0.8, -301.693
-0.8, -304.345
-0.8, -311.709
-0.8, -299.525
-0.8, -298.619
-0.8, -311.563
-0.8, -300.03
-0.8, -296.659
-0.8, -303.272
-0.8, -296.461
-0.8, -298.519
-0.8, -290.803
-0.8, -305.705
-0.8, -304.032
-0.8, -295.083
-0.8, -296
-0.8, -304.24
-0.8, -294.334
-0.8, -296.758
-0.8, -298.352
-0.8, -294.302
-0.8, -299.424
-0.8, -289.572
-0.8, -305.46
-0.8, -303.928
-0.8, -293.395
-0.8, -298.485
-0.8, -301.898
-0.8, -302.515
-0.8, -294.139
-0.8, -294.855
-0.8, -301.012
-0.8, -300.469
-0.8, -293.88
-0.8, -306.619
-0.8, -303.998
-0.8, -297.885
-0.8, -299.323
-0.8, -302.789
-0.8, -295.148
-0.8, -292.944
-0.8, -298.786
-0.8, -297.586
-0.8, -297.852
-0.8, -302.412
-0.8, -304.727
-0.8, -304.797
-0.8, -301.08
-0.8, -301.08
-0.8, -299.693
-0.78, -288.538
-0.78, -297.952
-0.78, -298.418
-0.78, -303.237
-0.78, -294.01
-0.78, -290.708
-0.78, -299.424
-0.78, -294.01
-0.78, -289.666
-0.78, -282.068
-0.78, -289.195
-0.78, -294.627
-0.78, -292.654
-0.78, -287.573
-0.78, -286.338
-0.78, -292.847
-0.78, -297.719
-0.78, -287.449
-0.78, -295.705
-0.78, -300.91
-0.78, -287.418
-0.78, -282.426
-0.78, -281.561
-0.78, -292.59
-0.78, -297.155
-0.78, -291.248
-0.78, -292.045
-0.78, -291.375
-0.78, -294.01
-0.78, -287.171
-0.78, -289.352
-0.78, -297.885
-0.78, -293.815
-0.78, -287.387
-0.78, -286.461
-0.78, -294.042
-0.78, -292.719
-0.78, -292.077
-0.78, -295.508
-0.78, -290.139
-0.78, -294.497
-0.78, -289.666
-0.78, -283.597
-0.78, -284.051
-0.78, -293.783
-0.78, -300.944
-0.78, -292.398
-0.78, -284.535
-0.78, -293.524
-0.78, -294.529
-0.78, -287.542
-0.76, -283.839
-0.76, -294.237
-0.76, -289.887
-0.76, -295.214
-0.76, -281.978
-0.76, -280.377
-0.76, -294.172
-0.76, -285.571
-0.76, -281.532
-0.76, -279.466
-0.76, -285.388
-0.76, -283.809
-0.76, -279.086
-0.76, -281.71
-0.76, -286
-0.76, -284.02
-0.76, -282.366
-0.76, -289.698
-0.76, -280.731
-0.76, -287.884
-0.76, -276.081
-0.76, -287.697
-0.76, -277.171
-0.76, -277.518
-0.76, -282.845
-0.76, -287.759
-0.76, -284.961
-0.76, -281.442
-0.76, -290.645
-0.76, -281.799
-0.76, -284.839
-0.76, -280.23
-0.76, -285.174
-0.76, -277.114
-0.76, -277.633
-0.76, -286.43
-0.76, -292.045
-0.76, -278.882
-0.76, -282.456
-0.76, -291.121
-0.76, -283.326
-0.76, -281.294
-0.76, -279.994
-0.76, -277.98
-0.76, -285.694
-0.76, -279.232
-0.76, -294.855
-0.76, -282.695
-0.76, -281.621
-0.76, -289.415
-0.76, -293.848
-0.74, -280.289
-0.74, -277.114
-0.74, -274.801
-0.74, -280.761
-0.74, -277.951
-0.74, -286.092
-0.74, -276.97
-0.74, -273.392
-0.74, -273.112
-0.74, -279.028
-0.74, -287.233
-0.74, -277.143
-0.74, -273.308
-0.74, -275.853
-0.74, -276.195
-0.74, -274.348
-0.74, -276.253
-0.74, -276.74
-0.74, -275.34
-0.74, -270.92
-0.74, -280.731
-0.74, -271.638
-0.74, -272.081
-0.74, -271.361
-0.74, -266.294
-0.74, -277.287
-0.74, -266.88
-0.74, -283.056
-0.74, -273.673
-0.74, -280.495
-0.74, -276.97
-0.74, -274.207
-0.74, -285.266
-0.74, -273.869
-0.74, -274.179
-0.74, -275.71
-0.74, -267.415
-0.74, -279.32
-0.74, -272.582
-0.74, -285.144
-0.74, -272.442
-0.74, -277.402
-0.74, -279.554
-0.74, -273.869
-0.74, -282.306
-0.74, -275.539
-0.74, -266.347
-0.74, -277.546
-0.74, -267.281
-0.74, -279.994
-0.74, -276.884
-0.72, -280.613
-0.72, -271.003
-0.72, -275.198
-0.72, -272.331
-0.72, -264.918
-0.72, -278.94
-0.72, -258.523
-0.72, -268.655
-0.72, -258.799
-0.72, -268.79
-0.72, -267.711
-0.72, -265.472
-0.72, -274.914
-0.72, -266.214
-0.72, -280.495
-0.72, -265.472
-0.72, -270.7
-0.72, -254.842
-0.72, -266.693
-0.72, -267.121
-0.72, -268.276
-0.72, -262.08
-0.72, -264.813
-0.72, -274.01
-0.72, -263.817
-0.72, -269.034
-0.72, -268.899
-0.72, -267.442
-0.72, -266.453
-0.72, -270.865
-0.72, -263.791
-0.72, -266.002
-0.72, -270.097
-0.72, -262.158
-0.72, -267.148
-0.72, -271.527
-0.72, -275.567
-0.72, -265.896
-0.72, -273.364
-0.72, -261.617
-0.72, -267.523
-0.72, -265.287
-0.72, -267.442
-0.72, -268.411
-0.72, -268.98
-0.72, -268.411
-0.72, -264.629
-0.72, -274.688
-0.72, -271.416
-0.72, -264.971
-0.72, -267.791
-0.7, -268.655
-0.7, -269.415
-0.7, -259.884
-0.7, -258.148
-0.7, -256.189
-0.7, -264.183
-0.7, -264.288
-0.7, -260.952
-0.7, -264.997
-0.7, -261.54
-0.7, -252.693
-0.7, -258.573
-0.7, -259.025
-0.7, -251.691
-0.7, -252.621
-0.7, -273.252
-0.7, -260.748
-0.7, -259.378
-0.7, -259.757
-0.7, -261.233
-0.7, -252.741
-0.7, -260.163
-0.7, -258.824
-0.7, -250.579
-0.7, -252.549
-0.7, -257.326
-0.7, -259.884
-0.7, -257.475
-0.7, -267.201
-0.7, -256.88
-0.7, -254.041
-0.7, -259.96
-0.7, -262.596
-0.7, -250.133
-0.7, -258.774
-0.7, -257.425
-0.7, -256.608
-0.7, -259.076
-0.7, -261.643
-0.7, -262.907
-0.7, -259.909
-0.7, -255.697
-0.7, -258.498
-0.7, -256.115
-0.7, -258.323
-0.7, -256.262
-0.7, -250.438
-0.7, -259.076
-0.7, -264.603
-0.7, -257.375
-0.7, -252.024
-0.68, -255.943
-0.68, -255.722
-0.68, -250.556
-0.68, -253.413
-0.68, -257.351
-0.68, -251.335
-0.68, -245.527
-0.68, -244.379
-0.68, -247.601
-0.68, -250.156
-0.68, -257.276
-0.68, -254.769
-0.68, -247.395
-0.68, -247.028
-0.68, -246.526
-0.68, -248.039
-0.68, -255.501
-0.68, -250.462
-0.68, -241.962
-0.68, -246.868
-0.68, -246.617
-0.68, -249.828
-0.68, -253.944
-0.68, -248.779
-0.68, -254.453
-0.68, -246.298
-0.68, -252.072
-0.68, -259.555
-0.68, -259.051
-0.68, -246.366
-0.68, -244.178
-0.68, -242.424
-0.68, -246.731
-0.68, -255.894
-0.68, -255.894
-0.68, -249.431
-0.68, -249.618
-0.68, -249.758
-0.68, -247.601
-0.68, -248.571
-0.68, -251.24
-0.68, -256.855
-0.68, -245.617
-0.68, -246.936
-0.68, -246.776
-0.68, -250.579
-0.68, -258.473
-0.68, -248.826
-0.68, -248.085
-0.68, -245.459
-0.68, -252.119
-0.66, -253.197
-0.66, -250.933
-0.66, -242.888
-0.66, -249.314
-0.66, -236.995
-0.66, -236.469
-0.66, -238.585
-0.66, -242.866
-0.66, -244.469
-0.66, -238.927
-0.66, -243.576
-0.66, -242.512
-0.66, -242.49
-0.66, -241.633
-0.66, -249.105
-0.66, -240.565
-0.66, -246.093
-0.66, -244.85
-0.66, -245.211
-0.66, -248.779
-0.66, -248.594
-0.66, -248.756
-0.66, -244.895
-0.66, -245.166
-0.66, -245.278
-0.66, -242.799
-0.66, -238.735
-0.66, -240.63
-0.66, -240.457
-0.66, -236.805
-0.66, -237.311
-0.66, -238.031
-0.66, -239.571
-0.66, -236.89
-0.66, -237.438
-0.66, -242.954
-0.66, -242.27
-0.66, -242.446
-0.66, -240.522
-0.66, -237.417
-0.66, -238.607
-0.66, -243.109
-0.66, -237.756
-0.66, -243.687
-0.66, -240.046
-0.66, -252.549
-0.66, -240.63
-0.66, -240.522
-0.66, -255.55
-0.66, -253.872
-0.66, -243.91
-0.64, -248.362
-0.64, -241.765
-0.64, -240.5
-0.64, -233.243
-0.64, -241.831
-0.64, -235.446
-0.64, -230.98
-0.64, -234.68
-0.64, -230.064
-0.64, -230.72
-0.64, -230.78
-0.64, -230.302
-0.64, -233.918
-0.64, -231.401
-0.64, -235.571
-0.64, -236.574
-0.64, -236.051
-0.64, -227.008
-0.64, -229.845
-0.64, -232.025
-0.64, -232.288
-0.64, -239.873
-0.64, -236.574
-0.64, -241.59
-0.64, -234.185
-0.64, -236.449
-0.64, -235.905
-0.64, -233.202
-0.64, -231.04
-0.64, -227.745
-0.64, -230.8
-0.64, -238.949
-0.64, -237.311
-0.64, -240.609
-0.64, -240.913
-0.64, -236.974
-0.64, -233.795
-0.64, -231.562
-0.64, -229.371
-0.64, -228.938
-0.64, -232.349
-0.64, -233.713
-0.64, -230.581
-0.64, -236.302
-0.64, -236.49
-0.64, -231.241
-0.64, -237.438
-0.64, -232.551
-0.64, -236.7
-0.64, -238.884
-0.64, -244.111
-0.62, -237.925
-0.62, -232.288
-0.62, -231.14
-0.62, -225.244
-0.62, -224.391
-0.62, -228.213
-0.62, -227.337
-0.62, -231.622
-0.62, -225.092
-0.62, -226.661
-0.62, -227.998
-0.62, -224.429
-0.62, -220.022
-0.62, -227.726
-0.62, -228.154
-0.62, -225.035
-0.62, -215.158
-0.62, -223.283
-0.62, -223.826
-0.62, -222.13
-0.62, -225.435
-0.62, -230.163
-0.62, -222.537
-0.62, -223.77
-0.62, -226.2
-0.62, -231.481
-0.62, -230.024
-0.62, -223.096
-0.62, -220.787
-0.62, -226.238
-0.62, -225.664
-0.62, -221.889
-0.62, -224.335
-0.62, -227.144
-0.62, -228.389
-0.62, -220.24
-0.62, -228.115
-0.62, -233.039
-0.62, -221.355
-0.62, -221.76
-0.62, -224.524
-0.62, -222.111
-0.62, -224.921
-0.62, -223.601
-0.62, -219.587
-0.62, -227.551
-0.62, -223.208
-0.62, -220.879
-0.62, -230.78
-0.62, -228.977
-0.62, -228.33
-0.6, -222.798
-0.6, -224.335
-0.6, -222.111
-0.6, -214.811
-0.6, -220.349
-0.6, -215.889
-0.6, -217.014
-0.6, -211.623
-0.6, -218.347
-0.6, -212.755
-0.6, -220.988
-0.6, -214.759
-0.6, -218.347
-0.6, -217.901
-0.6, -216.398
-0.6, -218.633
-0.6, -218.525
-0.6, -214.104
-0.6, -217.173
-0.6, -216.362
-0.6, -209.792
-0.6, -217.12
-0.6, -213.163
-0.6, -218.848
-0.6, -218.418
-0.6, -219.949
-0.6, -222.111
-0.6, -216.573
-0.6, -220.696
-0.6, -215.785
-0.6, -220.44
-0.6, -215.384
-0.6, -218.347
-0.6, -209.101
-0.6, -216.961
-0.6, -213.504
-0.6, -220.897
-0.6, -218.275
-0.6, -218.902
-0.6, -223.808
-0.6, -218.061
-0.6, -222.148
-0.6, -217.385
-0.6, -212.738
-0.6, -219.316
-0.6, -216.345
-0.6, -212.568
-0.6, -222
-0.6, -211.909
-0.6, -219.533
-0.6, -216.327
-0.58, -215.924
-0.58, -220.988
-0.58, -212.28
-0.58, -217.35
-0.58, -209.019
-0.58, -213.163
-0.58, -208.122
-0.58, -213.641
-0.58, -211.859
-0.58, -209.974
-0.58, -201.944
-0.58, -211.221
-0.58, -204.703
-0.58, -212.128
-0.58, -206.43
-0.58, -211.372
-0.58, -204.845
-0.58, -210.937
-0.58, -206.718
-0.58, -211.994
-0.58, -206.526
-0.58, -207.152
-0.58, -210.571
-0.58, -207.976
-0.58, -205.128
-0.58, -207.943
-0.58, -207.992
-0.58, -210.571
-0.58, -210.954
-0.58, -207.846
-0.58, -213.915
-0.58, -207.007
-0.58, -210.754
-0.58, -209.743
-0.58, -208.823
-0.58, -208.203
-0.58, -215.523
-0.58, -205.634
-0.58, -203.687
-0.58, -205.223
-0.58, -210.106
-0.58, -202.974
-0.58, -212.891
-0.58, -206.766
-0.58, -210.954
-0.58, -207.474
-0.58, -210.904
-0.58, -210.139
-0.58, -210.322
-0.58, -205.27
-0.58, -215.245
-0.56, -204.014
-0.56, -211.021
-0.56, -207.394
-0.56, -202.727
-0.56, -200.788
-0.56, -203.578
-0.56, -199.915
-0.56, -203.811
-0.56, -196.064
-0.56, -199.109
-0.56, -211.892
-0.56, -201.577
-0.56, -201.258
-0.56, -201.273
-0.56, -196.787
-0.56, -197.268
-0.56, -200.894
-0.56, -202.388
-0.56, -198.162
-0.56, -200.155
-0.56, -197.912
-0.56, -200.909
-0.56, -198.605
-0.56, -197.795
-0.56, -204.342
-0.56, -203.252
-0.56, -200.667
-0.56, -197.326
-0.56, -200.185
-0.56, -199.9
-0.56, -203.718
-0.56, -196.44
-0.56, -201.243
-0.56, -201.562
-0.56, -194.789
-0.56, -202.081
-0.56, -205.207
-0.56, -200.622
-0.56, -196.151
-0.56, -206.366
-0.56, -202.496
-0.56, -206.558
-0.56, -202.281
-0.56, -198.886
-0.56, -201.608
-0.56, -199.975
-0.56, -198.738
-0.56, -197.414
-0.56, -198.99
-0.56, -194.889
-0.56, -204.939
-0.54, -200.697
-0.54, -198.28
-0.54, -201.73
-0.54, -193.251
-0.54, -195.518
-0.54, -193.363
-0.54, -193.953
-0.54, -193.447
-0.54, -195.103
-0.54, -191.214
-0.54, -191.227
-0.54, -187.622
-0.54, -194.775
-0.54, -191.461
-0.54, -186.506
-0.54, -195.189
-0.54, -189.974
-0.54, -200.697
-0.54, -193.181
-0.54, -187.608
-0.54, -193.251
-0.54, -188.924
-0.54, -195.805
-0.54, -195.949
-0.54, -191.159
-0.54, -188.39
-0.54, -192.484
-0.54, -194.718
-0.54, -190.667
-0.54, -186.337
-0.54, -193.531
-0.54, -192.081
-0.54, -189.785
-0.54, -194.548
-0.54, -192.234
-0.54, -191.2
-0.54, -192.734
-0.54, -194.818
-0.54, -196.468
-0.54, -194.704
-0.54, -190.422
-0.54, -193.069
-0.54, -186.259
-0.54, -195.518
-0.54, -185.623
-0.54, -189.555
-0.54, -192.012
-0.54, -191.2
-0.54, -196.758
-0.54, -190.872
-0.54, -190.517
-0.52, -193.714
-0.52, -194.932
-0.52, -192.137
-0.52, -187.2
-0.52, -190.694
-0.52, -184.022
-0.52, -184.022
-0.52, -184.851
-0.52, -182.999
-0.52, -180.241
-0.52, -185.108
-0.52, -183.693
-0.52, -182.448
-0.52, -185.999
-0.52, -187.148
-0.52, -184.954
-0.52, -189.906
-0.52, -190.503
-0.52, -187.384
-0.52, -183.959
-0.52, -180.754
-0.52, -180.107
-0.52, -184.736
-0.52, -181.69
-0.52, -188.098
-0.52, -181.283
-0.52, -184.137
-0.52, -184.048
-0.52, -184.315
-0.52, -183.339
-0.52, -192.192
-0.52, -190.708
-0.52, -189.866
-0.52, -182.523
-0.52, -180.705
-0.52, -184.647
-0.52, -183.15
-0.52, -179.888
-0.52, -189.219
-0.52, -178.683
-0.52, -183.705
-0.52, -183.478
-0.52, -177.588
-0.52, -181.542
-0.52, -187.767
-0.52, -191.31
-0.52, -183.163
-0.52, -187.701
-0.52, -186.781
-0.52, -187.793
-0.52, -183.402
-0.5, -185.869
-0.5, -182.461
-0.5, -177.754
-0.5, -173.183
-0.5, -176.882
-0.5, -174.03
-0.5, -172.232
-0.5, -174.155
-0.5, -177.612
-0.5, -175.208
-0.5, -182.962
-0.5, -171.589
-0.5, -180.326
-0.5, -176.624
-0.5, -175.139
-0.5, -175.139
-0.5, -178.707
-0.5, -180.034
-0.5, -172.121
-0.5, -172.958
-0.5, -173.566
-0.5, -176.297
-0.5, -175.774
-0.5, -180.4
-0.5, -171.127
-0.5, -178.587
-0.5, -174.692
-0.5, -174.611
-0.5, -179.308
-0.5, -174.053
-0.5, -178.146
-0.5, -178.659
-0.5, -176.905
-0.5, -172.154
-0.5, -174.932
-0.5, -174.212
-0.5, -173.702
-0.5, -175.369
-0.5, -179.586
-0.5, -173.736
-0.5, -177.105
-0.5, -170.601
-0.5, -175.902
-0.5, -176.006
-0.5, -175.589
-0.5, -176.964
-0.5, -173.363
-0.5, -174.6
-0.5, -173.509
-0.5, -174.155
-0.5, -176.964
-0.48, -179.477
-0.48, -174.338
-0.48, -170.809
-0.48, -167.074
-0.48, -169.377
-0.48, -170.34
-0.48, -162.78
-0.48, -174.167
-0.48, -165.282
-0.48, -166.688
-0.48, -170.177
-0.48, -166.5
-0.48, -168.851
-0.48, -171.292
-0.48, -165.539
-0.48, -170.71
-0.48, -164.935
-0.48, -176.099
-0.48, -168.064
-0.48, -170.079
-0.48, -174.269
-0.48, -167.683
-0.48, -164.548
-0.48, -162.77
-0.48, -167.662
-0.48, -164.884
-0.48, -164.052
-0.48, -172.332
-0.48, -166.615
-0.48, -169.938
-0.48, -167.979
-0.48, -169.301
-0.48, -172.857
-0.48, -171.017
-0.48, -169.055
-0.48, -166.116
-0.48, -170.09
-0.48, -168.446
-0.48, -170.166
-0.48, -164.193
-0.48, -166.688
-0.48, -161.177
-0.48, -171.633
-0.48, -162.741
-0.48, -169.269
-0.48, -169.323
-0.48, -168.244
-0.48, -166.823
-0.48, -168.043
-0.48, -167.137
-0.48, -166.635
-0.46, -170.536
-0.46, -171.988
-0.46, -163.049
-0.46, -168.926
-0.46, -159.175
-0.46, -164.609
-0.46, -161.167
-0.46, -159.442
-0.46, -160.992
-0.46, -164.274
-0.46, -151.532
-0.46, -164.823
-0.46, -157.81
-0.46, -158.156
-0.46, -159.318
-0.46, -159.356
-0.46, -157.131
-0.46, -164.945
-0.46, -156.863
-0.46, -159.709
-0.46, -160.856
-0.46, -156.522
-0.46, -161.763
-0.46, -166.096
-0.46, -152.512
-0.46, -161.021
-0.46, -162.374
-0.46, -155.69
-0.46, -158.259
-0.46, -158.306
-0.46, -159.043
-0.46, -159.843
-0.46, -156.89
-0.46, -160.478
-0.46, -162.295
-0.46, -160.953
-0.46, -162.068
-0.46, -160.846
-0.46, -160.836
-0.46, -159.547
-0.46, -158.475
-0.46, -158.863
-0.46, -159.958
-0.46, -160.778
-0.46, -159.509
-0.46, -158.025
-0.46, -155.165
-0.46, -157.53
-0.46, -160.42
-0.46, -155.618
-0.46, -154.913
-0.44, -161.901
-0.44, -160.662
-0.44, -159.128
-0.44, -154.401
-0.44, -156.614
-0.44, -152.381
-0.44, -152.573
-0.44, -150.574
-0.44, -155.681
-0.44, -152.207
-0.44, -152.669
-0.44, -150.6
-0.44, -146.649
-0.44, -151.129
-0.44, -147.346
-0.44, -145.68
-0.44, -148.28
-0.44, -149.586
-0.44, -152.155
-0.44, -150.574
-0.44, -146.585
-0.44, -148.528
-0.44, -148.025
-0.44, -150.252
-0.44, -150.668
-0.44, -153.725
-0.44, -150.506
-0.44, -150.353
-0.44, -149.234
-0.44, -146.891
-0.44, -148.909
-0.44, -152.12
-0.44, -144.558
-0.44, -154.931
-0.44, -145.648
-0.44, -154.276
-0.44, -150.821
-0.44, -157.866
-0.44, -149.931
-0.44, -154.276
-0.44, -153.362
-0.44, -148.677
-0.44, -152.033
-0.44, -153.046
-0.44, -157.075
-0.44, -156.669
-0.44, -150.923
-0.44, -155.039
-0.44, -152.616
-0.44, -150.557
-0.44, -152.634
-0.42, -147.82
-0.42, -151.731
-0.42, -146.135
-0.42, -146.287
-0.42, -145.751
-0.42, -141.528
-0.42, -148.992
-0.42, -147.013
-0.42, -142.45
-0.42, -144.129
-0.42, -141.056
-0.42, -141.769
-0.42, -139.587
-0.42, -142.847
-0.42, -144.308
-0.42, -142.025
-0.42, -143.787
-0.42, -144.998
-0.42, -146.827
-0.42, -141.318
-0.42, -147.029
-0.42, -141.965
-0.42, -141.626
-0.42, -142.481
-0.42, -139.601
-0.42, -146.908
-0.42, -139.572
-0.42, -143.023
-0.42, -139.07
-0.42, -140.262
-0.42, -145.235
-0.42, -144.967
-0.42, -139.193
-0.42, -138.896
-0.42, -138.413
-0.42, -150.167
-0.42, -138.867
-0.42, -139.792
-0.42, -145.014
-0.42, -138.99
-0.42, -146.015
-0.42, -137.351
-0.42, -140.403
-0.42, -143.477
-0.42, -140.388
-0.42, -143.169
-0.42, -139.208
-0.42, -142.641
-0.42, -146.802
-0.42, -141.528
-0.42, -142.086
-0.4, -144.59
-0.4, -144.511
-0.4, -137.492
-0.4, -142.397
-0.4, -137.45
-0.4, -135.681
-0.4, -135.612
-0.4, -133.094
-0.4, -130.145
-0.4, -138.788
-0.4, -134.057
-0.4, -138.651
-0.4, -135.275
-0.4, -132.888
-0.4, -136.626
-0.4, -127.433
-0.4, -136.061
-0.4, -133.721
-0.4, -137.231
-0.4, -132.242
-0.4, -132.354
-0.4, -133.714
-0.4, -134.605
-0.4, -134.158
-0.4, -132.736
-0.4, -134.28
-0.4, -139.295
-0.4, -135.247
-0.4, -135.371
-0.4, -135.902
-0.4, -138.126
-0.4, -134.138
-0.4, -131.57
-0.4, -136.717
-0.4, -132.085
-0.4, -135.412
-0.4, -132.301
-0.4, -132.314
-0.4, -140.1
-0.4, -131.857
-0.4, -134.905
-0.4, -135.343
-0.4, -133.5
-0.4, -132.039
-0.4, -140.632
-0.4, -131.603
-0.4, -139.113
-0.4, -133.38
-0.4, -136.535
-0.4, -136.836
-0.4, -140.152
-0.38, -132.63
-0.38, -136.075
-0.38, -128.818
-0.38, -132.446
-0.38, -126.478
-0.38, -131.551
-0.38, -123.571
-0.38, -125.976
-0.38, -123.138
-0.38, -125.207
-0.38, -127.677
-0.38, -124.407
-0.38, -123.354
-0.38, -124.436
-0.38, -125.39
-0.38, -129.695
-0.38, -125.875
-0.38, -125.638
-0.38, -123.474
-0.38, -126.96
-0.38, -129.55
-0.38, -126.93
-0.38, -129.765
-0.38, -128.224
-0.38, -127.093
-0.38, -126.167
-0.38, -125.668
-0.38, -127.941
-0.38, -124.803
-0.38, -131.473
-0.38, -119.544
-0.38, -132.347
-0.38, -126.006
-0.38, -124.39
-0.38, -122.106
-0.38, -124.932
-0.38, -127.372
-0.38, -125.982
-0.38, -128.168
-0.38, -127.677
-0.38, -124.425
-0.38, -131.454
-0.38, -128.526
-0.38, -128.644
-0.38, -128.224
-0.38, -128.881
-0.38, -132.393
-0.38, -126.658
-0.38, -131.337
-0.38, -129.809
-0.38, -126.245
-0.36, -127.391
-0.36, -124.774
-0.36, -123.864
-0.36, -117.521
-0.36, -124.019
-0.36, -115.967
-0.36, -124.494
-0.36, -114.853
-0.36, -119.555
-0.36, -114.331
-0.36, -117.201
-0.36, -115.395
-0.36, -120.56
-0.36, -116.913
-0.36, -120.153
-0.36, -118.224
-0.36, -116.149
-0.36, -116.877
-0.36, -119.122
-0.36, -119.197
-0.36, -117.129
-0.36, -119.239
-0.36, -118.492
-0.36, -116.821
-0.36, -123.343
-0.36, -117.687
-0.36, -122.178
-0.36, -115.231
-0.36, -122.555
-0.36, -116.053
-0.36, -118.566
-0.36, -116.083
-0.36, -120.893
-0.36, -116.744
-0.36, -120.609
-0.36, -115.28
-0.36, -121.372
-0.36, -115.091
-0.36, -122.044
-0.36, -118.666
-0.36, -121.179
-0.36, -121.86
-0.36, -121.466
-0.36, -117.542
-0.36, -120.337
-0.36, -122.707
-0.36, -118.041
-0.36, -121.671
-0.36, -115.786
-0.36, -124.57
-0.36, -114.582
-0.34, -121.02
-0.34, -117.093
-0.34, -114.273
-0.34, -111.208
-0.34, -115.365
-0.34, -108.884
-0.34, -111.06
-0.34, -110.238
-0.34, -109.757
-0.34, -110.76
-0.34, -109.352
-0.34, -112.356
-0.34, -106.128
-0.34, -115.756
-0.34, -107.862
-0.34, -109.51
-0.34, -108.755
-0.34, -108.494
-0.34, -112.489
-0.34, -113.911
-0.34, -113.514
-0.34, -114.131
-0.34, -112.035
-0.34, -107.727
-0.34, -112.205
-0.34, -109.384
-0.34, -114.809
-0.34, -107.492
-0.34, -112.418
-0.34, -110.32
-0.34, -107.601
-0.34, -109.753
-0.34, -110.945
-0.34, -105.917
-0.34, -110.339
-0.34, -107.259
-0.34, -110.412
-0.34, -107.962
-0.34, -113.577
-0.34, -108.353
-0.34, -110.508
-0.34, -109.925
-0.34, -108.622
-0.34, -113.766
-0.34, -109.231
-0.34, -113.302
-0.34, -110.926
-0.34, -111.056
-0.34, -110.65
-0.34, -114.636
-0.34, -112.994
-0.32, -112.57
-0.32, -114.685
-0.32, -103.536
-0.32, -106.199
-0.32, -105.54
-0.32, -107.892
-0.32, -102.936
-0.32, -103.119
-0.32, -99.6363
-0.32, -104.448
-0.32, -100.262
-0.32, -99.3764
-0.32, -103.838
-0.32, -99.8939
-0.32, -99.8041
-0.32, -103.54
-0.32, -104.526
-0.32, -99.8976
-0.32, -104.093
-0.32, -100.888
-0.32, -99.9875
-0.32, -105.648
-0.32, -104.661
-0.32, -103.195
-0.32, -100.983
-0.32, -107.177
-0.32, -98.0032
-0.32, -104.937
-0.32, -103.275
-0.32, -105.481
-0.32, -102.081
-0.32, -102.608
-0.32, -103.54
-0.32, -101.82
-0.32, -103.151
-0.32, -101.175
-0.32, -108.155
-0.32, -100.236
-0.32, -100.247
-0.32, -108.441
-0.32, -97.3236
-0.32, -99.8901
-0.32, -106.136
-0.32, -97.7231
-0.32, -101.882
-0.32, -100.508
-0.32, -104.093
-0.32, -99.3468
-0.32, -103.765
-0.32, -100.417
-0.32, -103.379
-0.3, -101.68
-0.3, -104.191
-0.3, -100.561
-0.3, -95.6137
-0.3, -97.4481
-0.3, -94.2485
-0.3, -96.7691
-0.3, -98.1113
-0.3, -93.735
-0.3, -98.2523
-0.3, -92.7085
-0.3, -95.9198
-0.3, -97.3378
-0.3, -92.8893
-0.3, -95.9716
-0.3, -92.6312
-0.3, -100.777
-0.3, -91.4463
-0.3, -92.7149
-0.3, -97.3876
-0.3, -92.3361
-0.3, -94.3018
-0.3, -93.7614
-0.3, -91.3054
-0.3, -97.8845
-0.3, -92.3105
-0.3, -97.4588
-0.3, -90.6351
-0.3, -96.0822
-0.3, -94.576
-0.3, -92.1447
-0.3, -99.1621
-0.3, -93.276
-0.3, -96.3287
-0.3, -96.1654
-0.3, -92.857
-0.3, -95.7029
-0.3, -93.8372
-0.3, -96.3147
-0.3, -95.5829
-0.3, -94.7407
-0.3, -93.6757
-0.3, -94.8452
-0.3, -95.2211
-0.3, -93.2075
-0.3, -95.0649
-0.3, -95.6206
-0.3, -93.482
-0.3, -94.2352
-0.3, -93.338
-0.3, -94.1121
-0.28, -95.9302
-0.28, -94.2119
-0.28, -88.2038
-0.28, -89.2817
-0.28, -85.1127
-0.28, -91.0685
-0.28, -87.9044
-0.28, -86.7378
-0.28, -89.1325
-0.28, -84.988
-0.28, -84.4603
-0.28, -85.847
-0.28, -83.9419
-0.28, -86.3111
-0.28, -88.5112
-0.28, -85.0856
-0.28, -86.0715
-0.28, -84.9068
-0.28, -85.8996
-0.28, -86.0493
-0.28, -83.5134
-0.28, -89.7747
-0.28, -85.6898
-0.28, -86.1243
-0.28, -84.0292
-0.28, -86.9953
-0.28, -85.0693
-0.28, -86.4986
-0.28, -87.2458
-0.28, -83.7232
-0.28, -87.383
-0.28, -83.7337
-0.28, -85.1589
-0.28, -85.1399
-0.28, -81.5694
-0.28, -85.2897
-0.28, -83.3385
-0.28, -85.5496
-0.28, -86.552
-0.28, -86.0742
-0.28, -85.227
-0.28, -85.7201
-0.28, -83.6785
-0.28, -87.1488
-0.28, -86.7858
-0.28, -86.6082
-0.28, -85.5276
-0.28, -86.0159
-0.28, -84.9122
-0.28, -88.3909
-0.28, -86.0132
-0.26, -84.5246
-0.26, -84.6588
-0.26, -80.2705
-0.26, -83.0323
-0.26, -79.9073
-0.26, -78.6488
-0.26, -81.5419
-0.26, -78.5399
-0.26, -77.578
-0.26, -79.1648
-0.26, -77.2454
-0.26, -75.2276
-0.26, -78.9422
-0.26, -77.648
-0.26, -75.2127
-0.26, -78.048
-0.26, -77.9408
-0.26, -78.772
-0.26, -76.6967
-0.26, -81.5869
-0.26, -76.4197
-0.26, -76.9423
-0.26, -79.2848
-0.26, -76.929
-0.26, -75.4126
-0.26, -79.9025
-0.26, -79.507
-0.26, -76.5843
-0.26, -77.009
-0.26, -78.6395
-0.26, -76.1383
-0.26, -78.0526
-0.26, -78.0549
-0.26, -80.008
-0.26, -77.9841
-0.26, -77.8816
-0.26, -79.4336
-0.26, -77.6141
-0.26, -77.3934
-0.26, -77.8498
-0.26, -80.4497
-0.26, -77.4878
-0.26, -76.6085
-0.26, -79.1413
-0.26, -77.6955
-0.26, -78.3139
-0.26, -78.772
-0.26, -75.8265
-0.26, -75.749
-0.26, -77.3261
-0.26, -77.2835
-0.24, -76.909
-0.24, -77.3036
-0.24, -71.6865
-0.24, -72.806
-0.24, -70.2957
-0.24, -71.6807
-0.24, -70.1145
-0.24, -69.7259
-0.24, -71.5288
-0.24, -68.1524
-0.24, -69.3722
-0.24, -69.6949
-0.24, -69.1384
-0.24, -68.2361
-0.24, -69.7569
-0.24, -71.4062
-0.24, -67.6441
-0.24, -69.4752
-0.24, -72.816
-0.24, -72.8498
-0.24, -71.673
-0.24, -69.2641
-0.24, -68.8545
-0.24, -70.0685
-0.24, -70.8297
-0.24, -72.0059
-0.24, -70.9314
-0.24, -71.4043
-0.24, -70.502
-0.24, -69.2137
-0.24, -70.4926
-0.24, -73.9488
-0.24, -69.1796
-0.24, -70.8956
-0.24, -69.0042
-0.24, -69.2821
-0.24, -68.7799
-0.24, -71.5288
-0.24, -74.5775
-0.24, -68.9204
-0.24, -66.8019
-0.24, -68.5642
-0.24, -68.4392
-0.24, -68.5272
-0.24, -71.4407
-0.24, -68.0394
-0.24, -67.8645
-0.24, -68.3585
-0.24, -68.2431
-0.24, -69.1133
-0.24, -70.1533
-0.22, -70.7376
-0.22, -68.3831
-0.22, -65.1853
-0.22, -62.3548
-0.22, -67.2043
-0.22, -60.5909
-0.22, -63.8371
-0.22, -62.7953
-0.22, -63.6922
-0.22, -61.4538
-0.22, -62.2544
-0.22, -63.2961
-0.22, -63.7349
-0.22, -62.0617
-0.22, -62.7333
-0.22, -62.8783
-0.22, -62.6655
-0.22, -62.9837
-0.22, -62.4278
-0.22, -63.0552
-0.22, -62.3213
-0.22, -59.9049
-0.22, -62.105
-0.22, -61.6456
-0.22, -59.5238
-0.22, -59.5145
-0.22, -63.2766
-0.22, -62.9094
-0.22, -61.3125
-0.22, -62.0891
-0.22, -62.0761
-0.22, -61.4468
-0.22, -62.7008
-0.22, -63.3518
-0.22, -61.512
-0.22, -61.6485
-0.22, -60.5057
-0.22, -61.1032
-0.22, -60.6129
-0.22, -60.54
-0.22, -60.9691
-0.22, -58.7734
-0.22, -61.6371
-0.22, -63.7638
-0.22, -60.6667
-0.22, -61.2492
-0.22, -62.3621
-0.22, -61.2464
-0.22, -62.7791
-0.22, -62.8679
-0.22, -61.3944
-0.2, -58.8408
-0.2, -60.6778
-0.2, -59.308
-0.2, -55.5289
-0.2, -55.3216
-0.2, -55.8464
-0.2, -54.8674
-0.2, -52.2609
-0.2, -52.5348
-0.2, -53.6445
-0.2, -54.2535
-0.2, -53.8732
-0.2, -53.407
-0.2, -52.4274
-0.2, -53.9276
-0.2, -55.7495
-0.2, -56.2007
-0.2, -51.1218
-0.2, -54.552
-0.2, -53.0068
-0.2, -51.6656
-0.2, -53.5712
-0.2, -54.0259
-0.2, -54.0435
-0.2, -54.8212
-0.2, -54.8065
-0.2, -53.1208
-0.2, -53.1558
-0.2, -54.6717
-0.2, -54.5811
-0.2, -52.3852
-0.2, -53.7385
-0.2, -54.7458
-0.2, -52.4645
-0.2, -52.8304
-0.2, -52.2568
-0.2, -52.8293
-0.2, -52.2917
-0.2, -53.7656
-0.2, -52.3522
-0.2, -52.6499
-0.2, -54.7065
-0.2, -53.4606
-0.2, -51.6966
-0.2, -51.286
-0.2, -52.0295
-0.2, -52.5048
-0.2, -52.6406
-0.2, -51.9828
-0.2, -53.9571
-0.2, -52.4635
-0.18, -52.3821
-0.18, -51.5567
-0.18, -49.1769
-0.18, -46.9541
-0.18, -47.8343
-0.18, -47.9504
-0.18, -45.0717
-0.18, -45.1167
-0.18, -45.2968
-0.18, -46.8091
-0.18, -45.514
-0.18, -45.2991
-0.18, -44.6483
-0.18, -45.421
-0.18, -45.1327
-0.18, -45.9319
-0.18, -44.8987
-0.18, -45.1786
-0.18, -45.7287
-0.18, -45.6793
-0.18, -46.0596
-0.18, -44.9843
-0.18, -45.6785
-0.18, -45.556
-0.18, -44.9881
-0.18, -47.3174
-0.18, -46.0906
-0.18, -45.7279
-0.18, -45.57
-0.18, -46.3599
-0.18, -46.9872
-0.18, -45.6903
-0.18, -46.2666
-0.18, -43.8828
-0.18, -47.4369
-0.18, -48.3302
-0.18, -44.6962
-0.18, -46.4083
-0.18, -45.1404
-0.18, -44.8685
-0.18, -50.2822
-0.18, -44.9645
-0.18, -46.6282
-0.18, -44.3971
-0.18, -45.2968
-0.18, -46.7033
-0.18, -44.9357
-0.18, -45.4613
-0.18, -44.5268
-0.18, -44.9592
-0.18, -47.2035
-0.16, -44.1596
-0.16, -46.2048
-0.16, -40.7044
-0.16, -40.9368
-0.16, -38.7197
-0.16, -39.6353
-0.16, -39.801
-0.16, -36.5547
-0.16, -37.0788
-0.16, -38.2241
-0.16, -35.9031
-0.16, -37.5894
-0.16, -38.1421
-0.16, -36.6951
-0.16, -37.8122
-0.16, -35.1488
-0.16, -36.939
-0.16, -39.0789
-0.16, -36.0331
-0.16, -38.0138
-0.16, -37.0473
-0.16, -37.4648
-0.16, -36.6064
-0.16, -35.3304
-0.16, -38.2126
-0.16, -36.1886
-0.16, -35.9137
-0.16, -36.5252
-0.16, -35.5177
-0.16, -38.0632
-0.16, -37.693
-0.16, -37.5518
-0.16, -37.1123
-0.16, -37.8949
-0.16, -37.2045
-0.16, -37.088
-0.16, -37.2955
-0.16, -37.6048
-0.16, -38.1007
-0.16, -37.5497
-0.16, -37.0314
-0.16, -37.8831
-0.16, -38.5602
-0.16, -39.2445
-0.16, -35.1525
-0.16, -36.8783
-0.16, -38.6827
-0.16, -36.1464
-0.16, -37.6334
-0.16, -37.0329
-0.16, -38.7147
-0.14, -38.004
-0.14, -36.5999
-0.14, -35.9331
-0.14, -34.2601
-0.14, -31.7441
-0.14, -33.7899
-0.14, -31.2883
-0.14, -30.17
-0.14, -30.1328
-0.14, -29.9572
-0.14, -29.1064
-0.14, -31.8321
-0.14, -30.0371
-0.14, -31.0341
-0.14, -30.0985
-0.14, -29.9306
-0.14, -28.2053
-0.14, -31.9208
-0.14, -29.0559
-0.14, -30.9136
-0.14, -30.1519
-0.14, -30.4912
-0.14, -29.4032
-0.14, -30.8396
-0.14, -29.6224
-0.14, -30.3306
-0.14, -28.9339
-0.14, -31.0641
-0.14, -29.8195
-0.14, -30.4365
-0.14, -29.0632
-0.14, -29.3211
-0.14, -29.4666
-0.14, -29.8408
-0.14, -30.0043
-0.14, -31.7808
-0.14, -30.5093
-0.14, -31.4421
-0.14, -28.9248
-0.14, -29.5734
-0.14, -28.5657
-0.14, -30.8374
-0.14, -28.2639
-0.14, -30.1277
-0.14, -29.9464
-0.14, -31.7241
-0.14, -28.2713
-0.14, -29.7297
-0.14, -27.8984
-0.14, -31.2809
-0.14, -30.463
-0.12, -29.7778
-0.12, -29.0838
-0.12, -28.5829
-0.12, -24.9648
-0.12, -22.4576
-0.12, -21.864
-0.12, -21.6285
-0.12, -21.2029
-0.12, -21.0805
-0.12, -21.4858
-0.12, -22.6463
-0.12, -21.4649
-0.12, -21.3955
-0.12, -21.305
-0.12, -20.3255
-0.12, -20.9944
-0.12, -20.5071
-0.12, -20.2543
-0.12, -21.7129
-0.12, -21.0008
-0.12, -21.3941
-0.12, -22.0908
-0.12, -21.5905
-0.12, -21.0385
-0.12, -21.7673
-0.12, -19.8934
-0.12, -20.9461
-0.12, -20.8333
-0.12, -20.1297
-0.12, -21.9757
-0.12, -20.7429
-0.12, -20.9049
-0.12, -22.4454
-0.12, -22.3232
-0.12, -21.1654
-0.12, -22.5138
-0.12, -20.9407
-0.12, -20.797
-0.12, -21.4255
-0.12, -20.7791
-0.12, -21.5264
-0.12, -21.4137
-0.12, -21.1508
-0.12, -22.409
-0.12, -23.1586
-0.12, -21.2443
-0.12, -22.9766
-0.12, -20.8267
-0.12, -21.2316
-0.12, -21.4579
-0.12, -21.0381
-0.1, -21.0431
-0.1, -21.8717
-0.1, -19.7342
-0.1, -16.8456
-0.1, -17.0804
-0.1, -15.7953
-0.1, -14.8856
-0.1, -14.7784
-0.1, -14.0697
-0.1, -14.1145
-0.1, -13.0478
-0.1, -13.8337
-0.1, -13.386
-0.1, -14.2318
-0.1, -13.621
-0.1, -13.4611
-0.1, -13.9348
-0.1, -15.6757
-0.1, -15.2779
-0.1, -13.9923
-0.1, -14.13
-0.1, -14.6494
-0.1, -14.0548
-0.1, -14.0715
-0.1, -14.632
-0.1, -13.8934
-0.1, -14.4813
-0.1, -13.0531
-0.1, -13.8828
-0.1, -13.8017
-0.1, -14.2554
-0.1, -14.0473
-0.1, -13.5879
-0.1, -13.7009
-0.1, -15.9052
-0.1, -15.2323
-0.1, -14.4363
-0.1, -14.0291
-0.1, -14.7148
-0.1, -14.5824
-0.1, -14.1604
-0.1, -14.4253
-0.1, -13.3121
-0.1, -14.4796
-0.1, -13.5768
-0.1, -13.9353
-0.1, -14.7467
-0.1, -13.9241
-0.1, -13.9061
-0.1, -13.7766
-0.1, -14.4034
-0.08, -15.9532
-0.08, -14.7178
-0.08, -13.5413
-0.08, -12.2586
-0.08, -10.0872
-0.08, -8.55328
-0.08, -7.53352
-0.08, -8.67685
-0.08, -7.17595
-0.08, -7.48227
-0.08, -7.86865
-0.08, -7.86865
-0.08, -5.59915
-0.08, -6.4115
-0.08, -8.25821
-0.08, -8.25821
-0.08, -4.97142
-0.08, -7.38377
-0.08, -7.29221
-0.08, -5.73752
-0.08, -7.94637
-0.08, -7.94637
-0.08, -7.08885
-0.08, -6.22633
-0.08, -7.66393
-0.08, -5.69539
-0.08, -5.69539
-0.08, -6.26625
-0.08, -7.2303
-0.08, -6.39427
-0.08, -8.25099
-0.08, -9.02956
-0.08, -6.82724
-0.08, -7.36226
-0.08, -7.36226
-0.08, -7.73456
-0.08, -6.39467
-0.08, -7.22377
-0.08, -7.13977
-0.08, -7.13977
-0.08, -5.90161
-0.08, -8.23451
-0.08, -7.77191
-0.08, -6.89395
-0.08, -7.82193
-0.08, -6.7012
-0.08, -6.7012
-0.08, -5.20264
-0.08, -7.85832
-0.08, -5.54454
-0.08, -5.54454
-0.06, -6.44858
-0.06, -7.78802
-0.06, -5.55611
-0.06, -5.55611
-0.06, -5.55611
-0.06, -5.55611
-0.06, -5.55611
-0.06, 0
-0.06, 0
-0.06, 0
-0.06, 0
-0.06, 0
-0.06, 0
-0.06, 0
-0.06, 0
-0.06, 0
-0.06, 0
-0.06, 0
-0.06, 0
-0.06, 0
-0.06, 0
-0.06, 0
-0.06, 0
-0.06, 0
-0.06, 0
-0.06, 0
-0.06, 0
-0.06, 0
-0.06, 0
-0.06, 0
-0.06, 0
-0.06, 0
-0.06, 0
-0.06, 0
-0.06, 0
-0.06, 0
-0.06, 0
-0.06, 0
-0.06, 0
-0.06, 0
-0.06, 0
-0.06, 0
-0.06, 0
-0.06, 0
-0.06, 0
-0.06, 0
-0.06, 0
-0.06, 0
-0.06, 0
-0.06, 0
-0.06, 0
-0.04, 0
-0.04, 0
-0.04, 0
-0.04, 0
-0.04, 0
-0.04, 0
-0.04, 0
-0.04, 0
-0.04, 0
-0.04, 0
-0.04, 0
-0.04, 0
-0.04, 0
-0.04, 0
-0.04, 0
-0.04, 0
-0.04, 0
-0.04, 0
-0.04, 0
-0.04, 0
-0.04, 0
-0.04, 0
-0.04, 0
-0.04, 0
-0.04, 0
-0.04, 0
-0.04, 0
-0.04, 0
-0.04, 0
-0.04, 0
-0.04, 0
-0.04, 0
-0.04, 0
-0.04, 0
-0.04, 0
-0.04, 0
-0.04, 0
-0.04, 0
-0.04, 0
-0.04, 0
-0.04, 0
-0.04, 0
-0.04, 0
-0.04, 0
-0.04, 0
-0.04, 0
-0.04, 0
-0.04, 0
-0.04, 0
-0.04, 0
-0.04, 0
-0.02, 0
-0.02, 0
-0.02, 0
-0.02, 0
-0.02, 0
-0.02, 0
-0.02, 0
-0.02, 0
-0.02, 0
-0.02, 0
-0.02, 0
-0.02, 0
-0.02, 0
-0.02, 0
-0.02, 0
-0.02, 0
-0.02, 0
-0.02, 0
-0.02, 0
-0.02, 0
-0.02, 0
-0.02, 0
-0.02, 0
-0.02, 0
-0.02, 0
-0.02, 0
-0.02, 0
-0.02, 0
-0.02, 0
-0.02, 0
-0.02, 0
-0.02, 0
-0.02, 0
-0.02, 0
-0.02, 0
-0.02, 0
-0.02, 0
-0.02, 0
-0.02, 0
-0.02, 0
-0.02, 0
-0.02, 0
-0.02, 0
-0.02, 0
-0.02, 0
-0.02, 0
-0.02, 0
-0.02, 0
-0.02, 0
-0.02, 0
-0.02, 0
6.17562e-16, 0
6.17562e-16, 0
6.17562e-16, 0
6.17562e-16, 0
6.17562e-16, 0
6.17562e-16, 0
6.17562e-16, 0
6.17562e-16, 0
6.17562e-16, 0
6.17562e-16, 0
6.17562e-16, 0
6.17562e-16, 0
6.17562e-16, 0
6.17562e-16, 0
6.17562e-16, 0
6.17562e-16, 0
6.17562e-16, 0
6.17562e-16, 0
6.17562e-16, 0
6.17562e-16, 0
6.17562e-16, 0
6.17562e-16, 0
6.17562e-16, 0
6.17562e-16, 0
6.17562e-16, 0
6.17562e-16, 0
6.17562e-16, 0
6.17562e-16, 0
6.17562e-16, 0
6.17562e-16, 0
6.17562e-16, 0
6.17562e-16, 0
6.17562e-16, 0
6.17562e-16, 0
6.17562e-16, 0
6.17562e-16, 0
6.17562e-16, 0
6.17562e-16, 0
6.17562e-16, 0
6.17562e-16, 0
6.17562e-16, 0
6.17562e-16, 0
6.17562e-16, 0
6.17562e-16, 0
6.17562e-16, 0
6.17562e-16, 0
6.17562e-16, 0
6.17562e-16, 0
6.17562e-16, 0
6.17562e-16, 0
6.17562e-16, 0
0.02, 0
0.02, 0
0.02, 0
0.02, 0
0.02, 0
0.02, 0
0.02, 0
0.02, 0
0.02, 0
0.02, 0
0.02, 0
0.02, 0
0.02, 0
0.02, 0
0.02, 0
0.02, 0
0.02, 0
0.02, 0
0.02, 0
0.02, 0
0.02, 0
0.02, 0
0.02, 0
0.02, 0
0.02, 0
0.02, 0
0.02, 0
0.02, 0
0.02, 0
0.02, 0
0.02, 0
0.02, 0
0.02, 0
0.02, 0
0.02, 0
0.02, 0
0.02, 0
0.02, 0
0.02, 0
0.02, 0
0.02, 0
0.02, 0
0.02, 0
0.02, 0
0.02, 0
0.02, 0
0.02, 0
0.02, 0
0.02, 0
0.02, 0
0.02, 0
0.04, 0
0.04, 0
0.04, 0
0.04, 0
0.04, 0
0.04, 0
0.04, 0
0.04, 0
0.04, 0
0.04, 0
0.04, 0
0.04, 0
0.04, 0
0.04, 0
0.04, 0
0.04, 0
0.04, 0
0.04, 0
0.04, 0
0.04, 0
0.04, 0
0.04, 0
0.04, 0
0.04, 0
0.04, 0
0.04, 0
0.04, 0
0.04, 0
0.04, 0
0.04, 0
0.04, 0
0.04, 0
0.04, 0
0.04, 0
0.04, 0
0.04, 0
0.04, 0
0.04, 0
0.04, 0
0.04, 0
0.04, 0
0.04, 0
0.04, 0
0.04, 0
0.04, 0
0.04, 0
0.04, 0
0.04, 0
0.04, 0
0.04, 0
0.04, 0
0.06, 0
0.06, 0
0.06, 0
0.06, 0
0.06, 0
0.06, 0
0.06, 0
0.06, 0
0.06, 0
0.06, 0
0.06, 0
0.06, 0
0.06, 0
0.06, 0
0.06, 0
0.06, 0
0.06, 0
0.06, 0
0.06, 0
0.06, 0
0.06, 0
0.06, 0
0.06, 0
0.06, 0
0.06, 0
0.06, 0
0.06, 0
0.06, 0
0.06, 0
0.06, 0
0.06, 0
0.06, 0
0.06, 0
0.06, 0
0.06, 0
0.06, 0
0.06, 0
0.06, 0
0.06, 0
0.06, 0
0.06, 0
0.06, 0
0.06, 0
0.06, 0
0.06, 0
0.06, 0
0.06, 0
0.06, 0
0.06, 0
0.06, 0
0.06, 0
0.08, 0
0.08, 0
0.08, 0
0.08, 0
0.08, 0
0.08, 0
0.08, 0
0.08, 0
0.08, 0
0.08, 0
0.08, 2.09871
0.08, 2.09871
0.08, 2.09871
0.08, 2.09871
0.08, 2.55461
0.08, 2.55461
0.08, -2.55461
0.08, 2.16382
0.08, 2.16382
0.08, 2.16382
0.08, 3.78354
0.08, 3.78354
0.08, 3.48976
0.08, 3.48976
0.08, 3.85503
0.08, 3.85503
0.08, 4.05608
0.08, 4.05608
0.08, 5.52461
0.08, 4.99889
0.08, 4.99889
0.08, 4.99889
0.08, 3.21175
0.08, 3.21175
0.08, 4.05481
0.08, 4.05481
0.08, 4.05481
0.08, 2.91832
0.08, 2.91832
0.08, 3.68326
0.08, 3.68326
0.08, -3.68326
0.08, -3.68326
0.08, -3.68326
0.08, 0
0.08, 0
0.08, 0
0.08, 0
0.08, 0
0.08, 0
0.08, 0
0.1, 0
0.1, 0
0.1, 0
0.1, 0
0.1, 0
0.1, 0
0.1, 0
0.1, 0
0.1, 0
0.1, 0
0.1, 0
0.1, 0
0.1, 0
0.1, 0
0.1, 0
0.1, 0
0.1, 0
0.1, 0
0.1, 8.69337
0.1, 9.52779
0.1, 8.53844
0.1, 8.7334
0.1, 7.99481
0.1, 7.9955
0.1, 9.28188
0.1, 9.03999
0.1, 9.60262
0.1, 9.67638
0.1, 9.55367
0.1, 11.947
0.1, 11.1535
0.1, 11.0685
0.1, 11.4769
0.1, 11.0383
0.1, 11.5353
0.1, 11.7162
0.1, 11.9192
0.1, 11.8374
0.1, 12.176
0.1, 12.0006
0.1, 12.3557
0.1, 12.0164
0.1, 12.6064
0.1, 11.0672
0.1, 11.0677
0.1, 11.1617
0.1, 11.7367
0.1, 11.878
0.1, 10.5947
0.1, 11.9975
0.1, 11.1814
0.12, 10.9685
0.12, 11.9684
0.12, 13.2259
0.12, 16.5074
0.12, 18.6474
0.12, 18.3798
0.12, 18.0904
0.12, 18.4214
0.12, 18.6047
0.12, 17.2499
0.12, 18.157
0.12, 18.2285
0.12, 17.7084
0.12, 18.8958
0.12, 18.7631
0.12, 19.0918
0.12, 19.0114
0.12, 19.5995
0.12, 18.8295
0.12, 18.6156
0.12, 18.7387
0.12, 18.6362
0.12, 18.0457
0.12, 19.1026
0.12, 18.8844
0.12, 19.0734
0.12, 18.8168
0.12, 19.362
0.12, 19.5439
0.12, 19.4852
0.12, 19.1862
0.12, 18.5629
0.12, 18.7566
0.12, 18.864
0.12, 18.8012
0.12, 18.0555
0.12, 19.0351
0.12, 18.321
0.12, 18.5589
0.12, 18.6092
0.12, 19.0928
0.12, 18.6964
0.12, 19.6127
0.12, 18.5846
0.12, 18.3477
0.12, 18.484
0.12, 18.3581
0.12, 18.3275
0.12, 18.6269
0.12, 18.5085
0.12, 19.148
0.14, 18.632
0.14, 19.5336
0.14, 23.188
0.14, 25.2657
0.14, 26.1777
0.14, 25.8205
0.14, 26.5116
0.14, 26.1299
0.14, 26.9442
0.14, 26.9676
0.14, 26.5081
0.14, 27.1544
0.14, 26.9559
0.14, 27.3827
0.14, 26.3385
0.14, 28.1092
0.14, 26.833
0.14, 27.1369
0.14, 27.2964
0.14, 27.0291
0.14, 27.36
0.14, 26.4073
0.14, 26.3773
0.14, 26.7314
0.14, 27.1513
0.14, 26.8349
0.14, 26.975
0.14, 25.8588
0.14, 27.0472
0.14, 27.3342
0.14, 26.3099
0.14, 27.2145
0.14, 26.0781
0.14, 27.264
0.14, 26.5147
0.14, 27.8224
0.14, 26.2047
0.14, 27.3479
0.14, 26.9865
0.14, 26.5866
0.14, 26.4858
0.14, 26.2472
0.14, 27.6826
0.14, 26.2483
0.14, 27.6703
0.14, 26.5229
0.14, 27.6018
0.14, 27.3616
0.14, 26.9404
0.14, 26.7843
0.14, 26.7442
0.16, 29.0461
0.16, 26.4521
0.16, 32.4424
0.16, 33.6888
0.16, 35.1928
0.16, 35.5835
0.16, 34.705
0.16, 37.4695
0.16, 35.2389
0.16, 36.0433
0.16, 36.256
0.16, 35.9806
0.16, 37.2398
0.16, 35.1441
0.16, 36.2156
0.16, 35.7247
0.16, 35.6254
0.16, 36.8436
0.16, 35.6187
0.16, 35.1655
0.16, 35.2766
0.16, 35.6059
0.16, 36.4343
0.16, 35.0218
0.16, 35.7227
0.16, 34.8242
0.16, 34.9998
0.16, 35.8302
0.16, 35.4398
0.16, 35.751
0.16, 36.5292
0.16, 35.8452
0.16, 36.0638
0.16, 35.3491
0.16, 35.7783
0.16, 35.5489
0.16, 35.7098
0.16, 37.0422
0.16, 35.8601
0.16, 36.5027
0.16, 35.3266
0.16, 35.6745
0.16, 35.1219
0.16, 34.991
0.16, 35.3913
0.16, 33.8538
0.16, 33.548
0.16, 34.6329
0.16, 34.6604
0.16, 35.673
0.16, 36.3009
0.18, 36.5092
0.18, 35.4855
0.18, 40.638
0.18, 42.3146
0.18, 41.8997
0.18, 43.9073
0.18, 43.8452
0.18, 44.3152
0.18, 43.2879
0.18, 42.735
0.18, 42.8236
0.18, 41.343
0.18, 41.6387
0.18, 41.5543
0.18, 42.7604
0.18, 42.7789
0.18, 41.5149
0.18, 42.938
0.18, 40.2698
0.18, 41.8019
0.18, 42.3052
0.18, 43.5887
0.18, 40.3197
0.18, 41.694
0.18, 42.6421
0.18, 40.9576
0.18, 42.267
0.18, 42.8628
0.18, 39.6112
0.18, 42.5917
0.18, 41.2394
0.18, 42.0457
0.18, 41.9941
0.18, 42.5937
0.18, 42.0975
0.18, 41.4426
0.18, 41.876
0.18, 43.3985
0.18, 42.0014
0.18, 42.1281
0.18, 42.6892
0.18, 40.1727
0.18, 42.5468
0.18, 41.9162
0.18, 43.1416
0.18, 41.8491
0.18, 41.8169
0.18, 42.707
0.18, 41.7149
0.18, 42.7522
0.18, 42.4156
0.2, 41.7377
0.2, 42.057
0.2, 44.7999
0.2, 47.8721
0.2, 48.3916
0.2, 47.7333
0.2, 47.8996
0.2, 48.6024
0.2, 50.2282
0.2, 51.1306
0.2, 48.5847
0.2, 48.9494
0.2, 49.2923
0.2, 48.4487
0.2, 49.3051
0.2, 48.4426
0.2, 48.5254
0.2, 49.3891
0.2, 48.6086
0.2, 47.7247
0.2, 49.5746
0.2, 47.8687
0.2, 49.3069
0.2, 48.4972
0.2, 47.5783
0.2, 49.6799
0.2, 49.9881
0.2, 48.4012
0.2, 49.7652
0.2, 47.9073
0.2, 49.0846
0.2, 49.9769
0.2, 48.6618
0.2, 49.1778
0.2, 49.4175
0.2, 47.9996
0.2, 49.8452
0.2, 48.6849
0.2, 49.6623
0.2, 48.7552
0.2, 48.6006
0.2, 50.5242
0.2, 50.4239
0.2, 48.1852
0.2, 49.3042
0.2, 48.7027
0.2, 49.3964
0.2, 50.0388
0.2, 49.4624
0.2, 48.7071
0.2, 49.3389
0.22, 49.57
0.22, 50.5644
0.22, 54.0478
0.22, 55.477
0.22, 56.5343
0.22, 56.7823
0.22, 57.4044
0.22, 57.5643
0.22, 57.5668
0.22, 57.9924
0.22, 58.2687
0.22, 57.3822
0.22, 57.6876
0.22, 57.5072
0.22, 57.2578
0.22, 56.1534
0.22, 56.991
0.22, 56.664
0.22, 56.6231
0.22, 56.4852
0.22, 56.8295
0.22, 56.775
0.22, 57.8252
0.22, 58.1848
0.22, 59.2685
0.22, 58.3324
0.22, 58.9958
0.22, 58.2394
0.22, 58.4744
0.22, 56.9801
0.22, 57.5233
0.22, 56.3849
0.22, 56.5271
0.22, 57.6128
0.22, 58.4436
0.22, 57.2811
0.22, 57.8365
0.22, 57.8465
0.22, 60.2923
0.22, 56.5415
0.22, 56.5163
0.22, 57.3637
0.22, 57.5159
0.22, 57.9496
0.22, 57.1682
0.22, 58.1302
0.22, 58.8512
0.22, 58.3311
0.22, 57.9647
0.22, 59.0951
0.22, 59.3278
0.24, 58.8707
0.24, 60.2827
0.24, 64.2942
0.24, 64.6104
0.24, 63.592
0.24, 65.5168
0.24, 65.2332
0.24, 64.7265
0.24, 64.5323
0.24, 65.5394
0.24, 66.0949
0.24, 65.4461
0.24, 65.3947
0.24, 65.5297
0.24, 67.2789
0.24, 65.7884
0.24, 65.2507
0.24, 64.5182
0.24, 63.5193
0.24, 63.932
0.24, 65.0264
0.24, 64.2106
0.24, 64.6715
0.24, 65.1423
0.24, 65.7171
0.24, 66.1819
0.24, 64.6214
0.24, 66.3201
0.24, 65.206
0.24, 63.5359
0.24, 63.5965
0.24, 65.5136
0.24, 64.5338
0.24, 64.0548
0.24, 64.8571
0.24, 64.7831
0.24, 65.4879
0.24, 66.3465
0.24, 67
0.24, 66.0851
0.24, 63.9519
0.24, 64.4153
0.24, 65.3835
0.24, 66.4971
0.24, 65.1423
0.24, 66.3036
0.24, 66.3086
0.24, 65.3387
0.24, 66.9579
0.24, 67.7524
0.24, 66.1408
0.26, 66.0753
0.26, 66.4176
0.26, 69.2119
0.26, 71.0978
0.26, 71.4886
0.26, 73.5592
0.26, 72.3105
0.26, 71.967
0.26, 73.3064
0.26, 74.9569
0.26, 72.806
0.26, 72.1989
0.26, 73.7443
0.26, 73.2178
0.26, 74.2907
0.26, 72.4244
0.26, 71.6711
0.26, 73.3931
0.26, 75.7232
0.26, 72.0078
0.26, 71.4732
0.26, 72.1637
0.26, 72.4815
0.26, 74.5733
0.26, 72.2831
0.26, 71.9534
0.26, 72.1618
0.26, 73.3931
0.26, 74.1626
0.26, 72.2556
0.26, 72.6177
0.26, 74.774
0.26, 74.3674
0.26, 74.239
0.26, 73.1255
0.26, 73.3669
0.26, 74.8727
0.26, 74.6631
0.26, 72.7385
0.26, 72.9974
0.26, 74.4048
0.26, 75.9431
0.26, 72.8697
0.26, 73.3709
0.26, 74.7384
0.26, 73.7035
0.26, 74.3446
0.26, 73.2218
0.26, 72.9734
0.26, 73.3145
0.26, 74.5441
0.28, 72.4933
0.28, 72.5999
0.28, 77.2119
0.28, 78.2955
0.28, 78.0503
0.28, 79.8882
0.28, 82.3528
0.28, 79.193
0.28, 79.9672
0.28, 80.4036
0.28, 78.8512
0.28, 80.4837
0.28, 80.2995
0.28, 78.6906
0.28, 80.4667
0.28, 79.7687
0.28, 79.7162
0.28, 81.2686
0.28, 80.2753
0.28, 80.0008
0.28, 81.8875
0.28, 80.9332
0.28, 81.343
0.28, 83.2501
0.28, 80.8497
0.28, 81.3827
0.28, 84.215
0.28, 80.8743
0.28, 80.7836
0.28, 83.5134
0.28, 81.3033
0.28, 81.9026
0.28, 82.1828
0.28, 80.0632
0.28, 81.4747
0.28, 81.1968
0.28, 80.457
0.28, 81.782
0.28, 80.7005
0.28, 79.948
0.28, 84.3161
0.28, 80.1186
0.28, 79.3934
0.28, 82.8749
0.28, 79.139
0.28, 79.4242
0.28, 82.2588
0.28, 78.5122
0.28, 78.1922
0.28, 83.7179
0.28, 78.4475
0.3, 79.4478
0.3, 84.0239
0.3, 82.7566
0.3, 86.0021
0.3, 87.1773
0.3, 88.2184
0.3, 89.6962
0.3, 88.6112
0.3, 90.4108
0.3, 89.0254
0.3, 89.6569
0.3, 90.0384
0.3, 91.6254
0.3, 89.8624
0.3, 92.8861
0.3, 90.0323
0.3, 90.8296
0.3, 90.084
0.3, 91.4526
0.3, 90.0992
0.3, 89.3835
0.3, 87.9711
0.3, 90.997
0.3, 88.8474
0.3, 90.7276
0.3, 88.6702
0.3, 88.2038
0.3, 89.1474
0.3, 87.7049
0.3, 87.6012
0.3, 87.8783
0.3, 86.2692
0.3, 89.0819
0.3, 87.2343
0.3, 88.0757
0.3, 86.9726
0.3, 87.9914
0.3, 87.0862
0.3, 91.7957
0.3, 87.3801
0.3, 90.6875
0.3, 88.5759
0.3, 91.3993
0.3, 89.82
0.3, 88.2914
0.3, 89.21
0.3, 90.5121
0.3, 89.4254
0.3, 92.4674
0.3, 88.9215
0.3, 90.4169
0.32, 89.7203
0.32, 90.5982
0.32, 93.0189
0.32, 96.0303
0.32, 96.5099
0.32, 99.6475
0.32, 104.814
0.32, 99.8602
0.32, 101.498
0.32, 102.639
0.32, 99.8565
0.32, 99.935
0.32, 101.309
0.32, 97.9528
0.32, 98.1005
0.32, 99.6438
0.32, 98.4264
0.32, 96.9556
0.32, 100.815
0.32, 97.2384
0.32, 97.2632
0.32, 102.809
0.32, 96.9204
0.32, 98.1944
0.32, 97.942
0.32, 97.0191
0.32, 99.9313
0.32, 97.5622
0.32, 99.9201
0.32, 102.702
0.32, 97.1569
0.32, 98.3465
0.32, 100.659
0.32, 97.6908
0.32, 98.934
0.32, 97.9672
0.32, 97.2668
0.32, 96.3008
0.32, 100.108
0.32, 98.1402
0.32, 97.8378
0.32, 98.5355
0.32, 95.6
0.32, 101.041
0.32, 95.5144
0.32, 96.6394
0.32, 102.371
0.32, 96.2974
0.32, 97.2313
0.32, 97.7266
0.32, 96.9627
0.34, 100.01
0.34, 98.0644
0.34, 100.599
0.34, 105.745
0.34, 104.469
0.34, 102.297
0.34, 106.594
0.34, 108.525
0.34, 105.256
0.34, 104.954
0.34, 106.748
0.34, 105.85
0.34, 105.506
0.34, 103.375
0.34, 104.958
0.34, 106.073
0.34, 104.748
0.34, 105.111
0.34, 106.322
0.34, 103.439
0.34, 107.605
0.34, 103.343
0.34, 105.26
0.34, 104.041
0.34, 106.53
0.34, 104.379
0.34, 105.045
0.34, 104.785
0.34, 108.804
0.34, 105.778
0.34, 104.665
0.34, 105.883
0.34, 107.531
0.34, 108.186
0.34, 103.467
0.34, 107.241
0.34, 108.186
0.34, 107.596
0.34, 103.968
0.34, 106.386
0.34, 105.148
0.34, 109.757
0.34, 103.854
0.34, 103.741
0.34, 109.245
0.34, 103.207
0.34, 106.018
0.34, 104.256
0.34, 106.166
0.34, 103.968
0.34, 109.519
0.36, 104.317
0.36, 107.134
0.36, 108.375
0.36, 112.125
0.36, 112.603
0.36, 111.96
0.36, 111.988
0.36, 112.841
0.36, 116.053
0.36, 114.987
0.36, 115.721
0.36, 113.858
0.36, 117.355
0.36, 112.755
0.36, 112.827
0.36, 112.461
0.36, 111.343
0.36, 113.543
0.36, 115.26
0.36, 113.451
0.36, 113.873
0.36, 114.666
0.36, 115.751
0.36, 116.831
0.36, 114.106
0.36, 114.033
0.36, 110.613
0.36, 114.111
0.36, 112.48
0.36, 114.7
0.36, 114.621
0.36, 114.977
0.36, 116.215
0.36, 113.649
0.36, 113.514
0.36, 112.88
0.36, 112.319
0.36, 114.518
0.36, 114.395
0.36, 114.878
0.36, 113.364
0.36, 114.317
0.36, 114.75
0.36, 116.038
0.36, 112.337
0.36, 112.342
0.36, 113.931
0.36, 112.755
0.36, 113.78
0.36, 113.009
0.36, 112.537
0.38, 113.042
0.38, 114.302
0.38, 118.635
0.38, 116.362
0.38, 119.058
0.38, 121.278
0.38, 123.692
0.38, 121.521
0.38, 126.012
0.38, 125.425
0.38, 125.219
0.38, 125.697
0.38, 124.92
0.38, 122.945
0.38, 123.405
0.38, 122.583
0.38, 124.39
0.38, 121.08
0.38, 123.674
0.38, 122.65
0.38, 124.037
0.38, 120.001
0.38, 119.149
0.38, 120.126
0.38, 120.462
0.38, 121.461
0.38, 120.899
0.38, 124.083
0.38, 121.805
0.38, 125.697
0.38, 120.424
0.38, 126.03
0.38, 123.03
0.38, 125.52
0.38, 124.245
0.38, 123.48
0.38, 122.392
0.38, 123.783
0.38, 125.154
0.38, 122.837
0.38, 123.525
0.38, 123.297
0.38, 121.721
0.38, 120.207
0.38, 120.778
0.38, 120.05
0.38, 122.911
0.38, 120.288
0.38, 125.014
0.38, 119.899
0.38, 126.966
0.4, 124.611
0.4, 123.229
0.4, 125.19
0.4, 128.31
0.4, 126.996
0.4, 132.683
0.4, 129.879
0.4, 134.01
0.4, 133.407
0.4, 133.487
0.4, 132.347
0.4, 131.57
0.4, 133.956
0.4, 134.003
0.4, 131.59
0.4, 132.321
0.4, 131.311
0.4, 135.117
0.4, 131.739
0.4, 130.533
0.4, 130.649
0.4, 127.372
0.4, 132.895
0.4, 130.668
0.4, 129.168
0.4, 133.387
0.4, 130.361
0.4, 130.559
0.4, 134.057
0.4, 130.796
0.4, 133.647
0.4, 131.001
0.4, 130.342
0.4, 130.336
0.4, 133.54
0.4, 130.668
0.4, 136.598
0.4, 130.425
0.4, 129.777
0.4, 131.883
0.4, 130.234
0.4, 129.488
0.4, 128.824
0.4, 132.908
0.4, 131.259
0.4, 130.056
0.4, 130.591
0.4, 130.367
0.4, 129.62
0.4, 132.756
0.4, 133.167
0.42, 129.425
0.42, 129.74
0.42, 135.978
0.42, 139.616
0.42, 138.291
0.42, 138.241
0.42, 139.302
0.42, 138.759
0.42, 140.307
0.42, 141.633
0.42, 139.419
0.42, 140.929
0.42, 135.302
0.42, 139.157
0.42, 139.041
0.42, 136.006
0.42, 140.225
0.42, 137.784
0.42, 138.615
0.42, 141.776
0.42, 137.308
0.42, 138.99
0.42, 139.441
0.42, 138.564
0.42, 139.718
0.42, 138.571
0.42, 140.314
0.42, 140.38
0.42, 139.872
0.42, 137.898
0.42, 138.809
0.42, 140.691
0.42, 137.876
0.42, 138.557
0.42, 137.948
0.42, 138.112
0.42, 140.484
0.42, 135.846
0.42, 137.245
0.42, 138.377
0.42, 137.677
0.42, 141.265
0.42, 135.867
0.42, 140.454
0.42, 140.691
0.42, 142.283
0.42, 140.81
0.42, 142.878
0.42, 141.468
0.42, 139.31
0.42, 141.25
0.44, 140.462
0.44, 140.743
0.44, 141.761
0.44, 141.535
0.44, 146.891
0.44, 145.751
0.44, 143.919
0.44, 145.735
0.44, 143.57
0.44, 143.601
0.44, 147.599
0.44, 147.248
0.44, 146.552
0.44, 150.201
0.44, 147.976
0.44, 148.635
0.44, 148.943
0.44, 147.721
0.44, 147.143
0.44, 149.981
0.44, 152.164
0.44, 152.835
0.44, 153.01
0.44, 152.059
0.44, 150.083
0.44, 155.418
0.44, 147.216
0.44, 151.24
0.44, 147.501
0.44, 147.648
0.44, 146.175
0.44, 145.014
0.44, 146.77
0.44, 146.303
0.44, 146.617
0.44, 149.729
0.44, 150.958
0.44, 151.352
0.44, 149.72
0.44, 148.644
0.44, 148.66
0.44, 145.688
0.44, 149.561
0.44, 144.935
0.44, 147.281
0.44, 145.568
0.44, 145.624
0.44, 148.395
0.44, 145.863
0.44, 147.273
0.44, 149.084
0.46, 151.06
0.46, 147.167
0.46, 153.204
0.46, 153.973
0.46, 156.761
0.46, 155.473
0.46, 156.119
0.46, 156.596
0.46, 155.373
0.46, 160.391
0.46, 157.057
0.46, 155.427
0.46, 155.129
0.46, 155.718
0.46, 159.49
0.46, 156.357
0.46, 157.261
0.46, 160.189
0.46, 156.055
0.46, 156.854
0.46, 155.039
0.46, 156.018
0.46, 157.381
0.46, 158.344
0.46, 155.727
0.46, 156.568
0.46, 155.727
0.46, 158.043
0.46, 158.165
0.46, 154.598
0.46, 156.678
0.46, 154.33
0.46, 157.772
0.46, 155.863
0.46, 153.938
0.46, 157.335
0.46, 155.518
0.46, 155.863
0.46, 156.43
0.46, 153.876
0.46, 156.844
0.46, 156.964
0.46, 158.419
0.46, 156.467
0.46, 156.927
0.46, 158.9
0.46, 158.872
0.46, 156.274
0.46, 156.513
0.46, 154.733
0.46, 160.411
0.48, 158.881
0.48, 156.596
0.48, 157.978
0.48, 158.768
0.48, 161.001
0.48, 163.379
0.48, 161.147
0.48, 162.068
0.48, 165.354
0.48, 162.87
0.48, 163.099
0.48, 163.75
0.48, 168.488
0.48, 164.103
0.48, 163.971
0.48, 165.951
0.48, 163.409
0.48, 165.201
0.48, 164.396
0.48, 164.731
0.48, 164.386
0.48, 167.084
0.48, 163.429
0.48, 161.665
0.48, 161.97
0.48, 165.201
0.48, 168.638
0.48, 165.18
0.48, 165.078
0.48, 165.827
0.48, 164.904
0.48, 163.7
0.48, 164.64
0.48, 163.339
0.48, 163.69
0.48, 168.68
0.48, 162.939
0.48, 162.107
0.48, 161.05
0.48, 166.563
0.48, 162.009
0.48, 167.937
0.48, 163.389
0.48, 164.022
0.48, 165.201
0.48, 164.874
0.48, 165.119
0.48, 164.193
0.48, 165.108
0.48, 164.996
0.48, 166.5
0.5, 167.894
0.5, 163.981
0.5, 167.137
0.5, 165.18
0.5, 175.105
0.5, 177.671
0.5, 168.744
0.5, 171.578
0.5, 174.303
0.5, 169.722
0.5, 175.577
0.5, 173.183
0.5, 177.152
0.5, 172.099
0.5, 176.46
0.5, 173.498
0.5, 170.82
0.5, 173.273
0.5, 171.193
0.5, 174.657
0.5, 174.064
0.5, 175.948
0.5, 170.525
0.5, 171.039
0.5, 171.028
0.5, 169.765
0.5, 169.484
0.5, 171.755
0.5, 174.224
0.5, 177.707
0.5, 174.36
0.5, 174.543
0.5, 172.6
0.5, 174.019
0.5, 171.689
0.5, 171.083
0.5, 172.276
0.5, 175.797
0.5, 177.258
0.5, 171.226
0.5, 172.254
0.5, 170.699
0.5, 173.837
0.5, 168.032
0.5, 170.209
0.5, 171.633
0.5, 172.354
0.5, 172.41
0.5, 171.832
0.5, 174.531
0.5, 174.749
0.52, 172.801
0.52, 172.98
0.52, 175.878
0.52, 179.755
0.52, 179.828
0.52, 180.131
0.52, 181.209
0.52, 179.453
0.52, 178.36
0.52, 179.465
0.52, 178.707
0.52, 181.344
0.52, 182.448
0.52, 181.332
0.52, 182.399
0.52, 181.839
0.52, 182.411
0.52, 182.486
0.52, 178.791
0.52, 180.865
0.52, 179.308
0.52, 179.019
0.52, 179.067
0.52, 177.944
0.52, 177.801
0.52, 178.348
0.52, 178.599
0.52, 177.117
0.52, 181.381
0.52, 180.571
0.52, 180.168
0.52, 183.49
0.52, 182.162
0.52, 180.253
0.52, 182.374
0.52, 182.598
0.52, 180.095
0.52, 181.049
0.52, 178.229
0.52, 180.987
0.52, 178.791
0.52, 180.351
0.52, 180.265
0.52, 178.098
0.52, 180.18
0.52, 181.926
0.52, 181.492
0.52, 180.485
0.52, 179.901
0.52, 183.921
0.52, 181.32
0.54, 180.815
0.54, 182.786
0.54, 190.34
0.54, 191.957
0.54, 184.557
0.54, 184.379
0.54, 184.532
0.54, 188.657
0.54, 187.503
0.54, 190.79
0.54, 189.461
0.54, 192.151
0.54, 186.598
0.54, 190.79
0.54, 191.008
0.54, 188.311
0.54, 197.049
0.54, 188.178
0.54, 187.292
0.54, 186.311
0.54, 189.623
0.54, 189.233
0.54, 188.55
0.54, 190.571
0.54, 187.463
0.54, 185.934
0.54, 187.688
0.54, 191.131
0.54, 187.384
0.54, 192.372
0.54, 190.408
0.54, 187.913
0.54, 187.003
0.54, 189.38
0.54, 191.585
0.54, 191.351
0.54, 189.219
0.54, 188.991
0.54, 184.775
0.54, 187.529
0.54, 189.771
0.54, 188.978
0.54, 192.095
0.54, 188.791
0.54, 189.031
0.54, 187.174
0.54, 190.313
0.54, 189.839
0.54, 187.384
0.54, 192.971
0.54, 186.493
0.56, 187.82
0.56, 182.911
0.56, 191.681
0.56, 198.25
0.56, 194.932
0.56, 194.832
0.56, 195.747
0.56, 200.697
0.56, 197.531
0.56, 198.147
0.56, 196.904
0.56, 199.347
0.56, 198.044
0.56, 199.168
0.56, 202.773
0.56, 193.041
0.56, 197.692
0.56, 198.797
0.56, 202.143
0.56, 197.122
0.56, 196.295
0.56, 198.946
0.56, 196.078
0.56, 199.109
0.56, 201.364
0.56, 199.035
0.56, 200.065
0.56, 199.945
0.56, 196.976
0.56, 197.575
0.56, 202.665
0.56, 194.946
0.56, 196.021
0.56, 199.168
0.56, 195.346
0.56, 194.109
0.56, 197.472
0.56, 197.692
0.56, 197.546
0.56, 198.531
0.56, 198.634
0.56, 199.035
0.56, 197.589
0.56, 198.324
0.56, 200.516
0.56, 196.295
0.56, 197.414
0.56, 199.362
0.56, 195.647
0.56, 197.093
0.56, 200.728
0.58, 196.947
0.58, 201.319
0.58, 204.248
0.58, 203.64
0.58, 203.578
0.58, 205.207
0.58, 205.176
0.58, 209.792
0.58, 201
0.58, 206.239
0.58, 200.833
0.58, 204.139
0.58, 206.398
0.58, 207.361
0.58, 206
0.58, 203.765
0.58, 204.468
0.58, 208.545
0.58, 208.48
0.58, 208.154
0.58, 202.943
0.58, 213.675
0.58, 205.191
0.58, 212.568
0.58, 205.223
0.58, 212.264
0.58, 201.456
0.58, 204.03
0.58, 207.249
0.58, 203.687
0.58, 207.507
0.58, 206.303
0.58, 205.857
0.58, 205.397
0.58, 207.377
0.58, 206.255
0.58, 207.329
0.58, 210.87
0.58, 202.342
0.58, 207.088
0.58, 202.773
0.58, 209.776
0.58, 200.065
0.58, 202.296
0.58, 203.998
0.58, 206.574
0.58, 206.847
0.58, 206.975
0.58, 210.123
0.58, 204.405
0.58, 206.734
0.6, 204.766
0.6, 207.104
0.6, 209.792
0.6, 206.366
0.6, 207.765
0.6, 211.171
0.6, 209.809
0.6, 215.802
0.6, 213.163
0.6, 216.012
0.6, 216.292
0.6, 215.575
0.6, 215.558
0.6, 214.156
0.6, 218.257
0.6, 214.173
0.6, 214.07
0.6, 211.355
0.6, 208.529
0.6, 211.623
0.6, 209.068
0.6, 216.82
0.6, 216.187
0.6, 214.138
0.6, 214.811
0.6, 215.019
0.6, 215.036
0.6, 212.585
0.6, 216.503
0.6, 214.397
0.6, 214.811
0.6, 212.789
0.6, 210.023
0.6, 208.496
0.6, 215.558
0.6, 211.825
0.6, 218.329
0.6, 214.414
0.6, 217.634
0.6, 214.173
0.6, 219.37
0.6, 213.436
0.6, 216.064
0.6, 214.759
0.6, 214.794
0.6, 218.776
0.6, 206.975
0.6, 215.506
0.6, 210.787
0.6, 217.812
0.6, 216.327
0.62, 214.673
0.62, 216.855
0.62, 216.345
0.62, 222.111
0.62, 219.949
0.62, 220.113
0.62, 220.988
0.62, 223.639
0.62, 218.687
0.62, 218.884
0.62, 230.601
0.62, 222.686
0.62, 222.649
0.62, 226.065
0.62, 223.32
0.62, 224.921
0.62, 222.093
0.62, 226.873
0.62, 222.037
0.62, 221.447
0.62, 220.331
0.62, 225.931
0.62, 218.776
0.62, 219.895
0.62, 225.358
0.62, 221.447
0.62, 220.386
0.62, 224.58
0.62, 224.429
0.62, 224.146
0.62, 222.519
0.62, 224.959
0.62, 221.889
0.62, 218.669
0.62, 223.339
0.62, 224.505
0.62, 219.316
0.62, 223.133
0.62, 223.245
0.62, 224.505
0.62, 222
0.62, 223.883
0.62, 230.123
0.62, 223.92
0.62, 220.313
0.62, 225.32
0.62, 225.549
0.62, 220.204
0.62, 219.082
0.62, 226.68
0.62, 221.19
0.64, 220.879
0.64, 226.565
0.64, 227.979
0.64, 229.826
0.64, 228.722
0.64, 231.904
0.64, 232.227
0.64, 239.249
0.64, 234.412
0.64, 229.628
0.64, 226.142
0.64, 224.751
0.64, 229.351
0.64, 230.362
0.64, 235.467
0.64, 234
0.64, 234.062
0.64, 232.633
0.64, 230.94
0.64, 232.47
0.64, 229.647
0.64, 234.226
0.64, 235.717
0.64, 225.989
0.64, 229.667
0.64, 226.142
0.64, 226.449
0.64, 232.045
0.64, 234.597
0.64, 233.713
0.64, 235.905
0.64, 233.59
0.64, 229.529
0.64, 231.803
0.64, 230.222
0.64, 228.663
0.64, 234.556
0.64, 237.819
0.64, 235.322
0.64, 228.624
0.64, 229.806
0.64, 231.18
0.64, 229.806
0.64, 235.738
0.64, 241.087
0.64, 236.637
0.64, 232.633
0.64, 228.428
0.64, 227.473
0.64, 230.143
0.64, 228.115
0.66, 230.74
0.66, 234.165
0.66, 241.765
0.66, 239.163
0.66, 235.488
0.66, 241.59
0.66, 241.524
0.66, 241.787
0.66, 240.609
0.66, 239.292
0.66, 241
0.66, 243.398
0.66, 241.94
0.66, 244.648
0.66, 245.391
0.66, 240.305
0.66, 241.305
0.66, 241.109
0.66, 240.327
0.66, 238.842
0.66, 237.713
0.66, 245.121
0.66, 238.97
0.66, 245.188
0.66, 242.072
0.66, 241.875
0.66, 244.918
0.66, 237.777
0.66, 242.645
0.66, 242.645
0.66, 244.29
0.66, 241.633
0.66, 244.94
0.66, 241.568
0.66, 246.936
0.66, 246.503
0.66, 237.798
0.66, 248.201
0.66, 249.945
0.66, 243.509
0.66, 246.936
0.66, 241.896
0.66, 245.188
0.66, 238.564
0.66, 249.175
0.66, 246.799
0.66, 248.896
0.66, 238.329
0.66, 247.165
0.66, 245.414
0.66, 240.587
0.68, 246.959
0.68, 244.671
0.68, 248.108
0.68, 251.525
0.68, 250.203
0.68, 247.211
0.68, 245.459
0.68, 247.12
0.68, 243.865
0.68, 249.898
0.68, 248.339
0.68, 251.739
0.68, 241.546
0.68, 249.081
0.68, 248.085
0.68, 246.093
0.68, 250.91
0.68, 250.721
0.68, 252.597
0.68, 254.745
0.68, 244.626
0.68, 245.143
0.68, 243.732
0.68, 243.109
0.68, 244.94
0.68, 249.665
0.68, 251.596
0.68, 249.198
0.68, 247.326
0.68, 247.418
0.68, 247.165
0.68, 247.97
0.68, 257.574
0.68, 254.429
0.68, 245.889
0.68, 250.768
0.68, 239.27
0.68, 245.166
0.68, 248.039
0.68, 252.406
0.68, 255.894
0.68, 252.072
0.68, 248.988
0.68, 248.64
0.68, 244.626
0.68, 246.526
0.68, 253.751
0.68, 249.408
0.68, 249.805
0.68, 246.594
0.68, 249.431
0.7, 249.501
0.7, 254.501
0.7, 259.985
0.7, 254.623
0.7, 255.648
0.7, 250.532
0.7, 258.123
0.7, 250.768
0.7, 253.92
0.7, 253.028
0.7, 258.173
0.7, 258.148
0.7, 259.656
0.7, 259.051
0.7, 260.391
0.7, 251.406
0.7, 255.061
0.7, 260.62
0.7, 252.143
0.7, 250.297
0.7, 254.842
0.7, 259.378
0.7, 254.55
0.7, 257.177
0.7, 255.82
0.7, 262.416
0.7, 257.226
0.7, 255.575
0.7, 260.544
0.7, 252.143
0.7, 248.849
0.7, 265.949
0.7, 254.574
0.7, 251.383
0.7, 257.674
0.7, 262.467
0.7, 254.769
0.7, 257.749
0.7, 255.624
0.7, 261.003
0.7, 254.55
0.7, 251.193
0.7, 261.233
0.7, 257.674
0.7, 250.016
0.7, 254.283
0.7, 260.875
0.7, 259.858
0.7, 256.731
0.7, 258.623
0.7, 258.649
0.72, 260.34
0.72, 252.454
0.72, 264.971
0.72, 257.003
0.72, 263.193
0.72, 265.684
0.72, 260.518
0.72, 265.657
0.72, 262.855
0.72, 263.922
0.72, 265.949
0.72, 262.907
0.72, 270.371
0.72, 264.393
0.72, 265.34
0.72, 267.872
0.72, 269.088
0.72, 267.067
0.72, 261.259
0.72, 270.92
0.72, 266.028
0.72, 266.453
0.72, 264.708
0.72, 271.113
0.72, 261.823
0.72, 260.926
0.72, 262.596
0.72, 258.975
0.72, 270.261
0.72, 264.708
0.72, 271.915
0.72, 264.524
0.72, 268.926
0.72, 263.037
0.72, 265.024
0.72, 270.316
0.72, 265.234
0.72, 272.248
0.72, 260.442
0.72, 268.222
0.72, 266.267
0.72, 268.384
0.72, 265.261
0.72, 267.818
0.72, 271.251
0.72, 264.367
0.72, 268.546
0.72, 264.918
0.72, 260.366
0.72, 264.236
0.72, 259.681
0.74, 267.121
0.74, 264.131
0.74, 270.48
0.74, 268.061
0.74, 273.757
0.74, 271.168
0.74, 275.995
0.74, 272.192
0.74, 272.526
0.74, 269.17
0.74, 267.576
0.74, 272.498
0.74, 274.095
0.74, 279.057
0.74, 272.331
0.74, 277.143
0.74, 272.053
0.74, 272.359
0.74, 271.555
0.74, 271.085
0.74, 278.009
0.74, 269.933
0.74, 276.797
0.74, 273.504
0.74, 273.785
0.74, 273.701
0.74, 274.49
0.74, 280.879
0.74, 272.387
0.74, 270.838
0.74, 271.389
0.74, 273.14
0.74, 269.687
0.74, 271.721
0.74, 277.316
0.74, 270.948
0.74, 280.672
0.74, 274.377
0.74, 276.081
0.74, 272.109
0.74, 274.236
0.74, 281.146
0.74, 274.801
0.74, 274.574
0.74, 270.206
0.74, 275.795
0.74, 273.336
0.74, 273.112
0.74, 275.482
0.74, 276.167
0.74, 280.998
0.76, 271.527
0.76, 271.472
0.76, 272.109
0.76, 272.693
0.76, 276.711
0.76, 279.671
0.76, 279.291
0.76, 282.965
0.76, 281.532
0.76, 283.688
0.76, 282.217
0.76, 281.057
0.76, 268.601
0.76, 281.561
0.76, 291.822
0.76, 280.2
0.76, 285.266
0.76, 286.8
0.76, 282.576
0.76, 278.329
0.76, 287.48
0.76, 278.853
0.76, 275.995
0.76, 281.71
0.76, 281.65
0.76, 282.905
0.76, 282.486
0.76, 281.116
0.76, 285.266
0.76, 281.353
0.76, 288.538
0.76, 279.759
0.76, 278.707
0.76, 277.258
0.76, 284.384
0.76, 280.053
0.76, 280.171
0.76, 284.718
0.76, 278.009
0.76, 283.96
0.76, 287.418
0.76, 281.472
0.76, 278.125
0.76, 282.038
0.76, 298.686
0.76, 279.291
0.76, 280.731
0.76, 286.184
0.76, 279.261
0.76, 283.93
0.76, 291.566
0.78, 281.948
0.78, 277.98
0.78, 284.535
0.78, 286.369
0.78, 287.078
0.78, 284.475
0.78, 288.07
0.78, 290.772
0.78, 294.204
0.78, 290.297
0.78, 288.07
0.78, 289.729
0.78, 294.172
0.78, 284.202
0.78, 303.513
0.78, 286.277
0.78, 284.748
0.78, 289.824
0.78, 291.28
0.78, 294.139
0.78, 285.114
0.78, 290.013
0.78, 287.759
0.78, 290.36
0.78, 285.541
0.78, 290.645
0.78, 294.204
0.78, 286.492
0.78, 286.553
0.78, 292.045
0.78, 291.981
0.78, 294.139
0.78, 296.923
0.78, 287.822
0.78, 286.985
0.78, 289.258
0.78, 285.97
0.78, 292.301
0.78, 298.251
0.78, 290.613
0.78, 290.297
0.78, 284.505
0.78, 289.95
0.78, 298.82
0.78, 294.042
0.78, 285.449
0.78, 290.076
0.78, 289.918
0.78, 292.719
0.78, 291.312
0.78, 295.181
0.8, 290.613
0.8, 289.32
0.8, 288.944
0.8, 291.726
0.8, 293.621
0.8, 293.718
0.8, 298.151
0.8, 304.171
0.8, 301.591
0.8, 305.111
0.8, 304.379
0.8, 302.996
0.8, 303.065
0.8, 298.085
0.8, 301.455
0.8, 298.92
0.8, 301.148
0.8, 303.306
0.8, 300.537
0.8, 304.032
0.8, 304.484
0.8, 305.285
0.8, 308.25
0.8, 306.443
0.8, 304.067
0.8, 301.352
0.8, 304.901
0.8, 298.619
0.8, 298.652
0.8, 297.42
0.8, 298.051
0.8, 297.055
0.8, 296.165
0.8, 300.334
0.8, 305.46
0.8, 299.188
0.8, 296.857
0.8, 297.818
0.8, 299.356
0.8, 296.263
0.8, 299.457
0.8, 299.794
0.8, 297.089
0.8, 294.822
0.8, 296.132
0.8, 297.122
0.8, 293.395
0.8, 297.486
0.8, 298.552
0.8, 298.485
0.8, 297.985
0.82, 295.77
0.82, 296.89
0.82, 302.103
0.82, 297.32
0.82, 301.352
0.82, 303.617
0.82, 308.785
0.82, 304.936
0.82, 317.687
0.82, 309.969
0.82, 306.443
0.82, 308.321
0.82, 304.901
0.82, 300.707
0.82, 303.375
0.82, 308.785
0.82, 313.32
0.82, 306.725
0.82, 311.636
0.82, 305.39
0.82, 308.356
0.82, 307.007
0.82, 304.797
0.82, 297.818
0.82, 315.395
0.82, 314.502
0.82, 311.345
0.82, 307.787
0.82, 309.574
0.82, 301.148
0.82, 306.654
0.82, 306.725
0.82, 301.318
0.82, 316.031
0.82, 310.33
0.82, 306.478
0.82, 305.46
0.82, 305.916
0.82, 306.513
0.82, 300.605
0.82, 309.286
0.82, 310.078
0.82, 307.22
0.82, 309.753
0.82, 305.951
0.82, 306.373
0.82, 305.18
0.82, 307.503
0.82, 304.484
0.82, 318.218
0.82, 311.308
0.84, 311.345
0.84, 304.484
0.84, 309.179
0.84, 307.823
0.84, 309.358
0.84, 315.06
0.84, 316.143
0.84, 312.037
0.84, 316.894
0.84, 321.906
0.84, 310.873
0.84, 308.892
0.84, 312.329
0.84, 316.706
0.84, 316.481
0.84, 314.428
0.84, 313.246
0.84, 322.763
0.84, 316.481
0.84, 310.945
0.84, 311.818
0.84, 317.498
0.84, 312.476
0.84, 317.121
0.84, 317.045
0.84, 323.782
0.84, 316.894
0.84, 315.956
0.84, 317.385
0.84, 318.712
0.84, 309.071
0.84, 308.678
0.84, 319.898
0.84, 316.932
0.84, 314.243
0.84, 315.731
0.84, 314.948
0.84, 318.294
0.84, 312.037
0.84, 311.272
0.84, 316.706
0.84, 319.859
0.84, 317.271
0.84, 316.368
0.84, 322.802
0.84, 313.762
0.84, 311.199
0.84, 313.099
0.84, 310.619
0.84, 317.083
0.84, 314.874
0.86, 312.549
0.86, 318.522
0.86, 320.128
0.86, 315.806
0.86, 318.218
0.86, 322.724
0.86, 320.09
0.86, 336.488
0.86, 315.769
0.86, 315.134
0.86, 324.728
0.86, 320.397
0.86, 334.966
0.86, 326.118
0.86, 321.867
0.86, 325.283
0.86, 321.053
0.86, 318.142
0.86, 323.232
0.86, 318.142
0.86, 331.057
0.86, 323.076
0.86, 319.476
0.86, 325.759
0.86, 321.867
0.86, 319.056
0.86, 323.585
0.86, 319.629
0.86, 327.48
0.86, 319.553
0.86, 320.243
0.86, 329.056
0.86, 323.625
0.86, 327.279
0.86, 323.86
0.86, 319.285
0.86, 324.807
0.86, 319.591
0.86, 323.978
0.86, 323.311
0.86, 324.926
0.86, 324.294
0.86, 323.389
0.86, 332.253
0.86, 317.271
0.86, 318.979
0.86, 325.561
0.86, 322.373
0.86, 325.164
0.86, 321.169
0.86, 323.507
0.88, 326.078
0.88, 320.59
0.88, 330.688
0.88, 321.014
0.88, 337.382
0.88, 325.64
0.88, 331.345
0.88, 335.725
0.88, 334.211
0.88, 332.626
0.88, 330.647
0.88, 329.747
0.88, 337.595
0.88, 326.517
0.88, 337.083
0.88, 328.407
0.88, 337.041
0.88, 329.544
0.88, 333.96
0.88, 337.938
0.88, 328.853
0.88, 343.2
0.88, 329.666
0.88, 332.212
0.88, 330.729
0.88, 334.882
0.88, 334.462
0.88, 337.595
0.88, 326.958
0.88, 329.87
0.88, 324.136
0.88, 335.979
0.88, 329.015
0.88, 337.681
0.88, 331.14
0.88, 334.294
0.88, 339.357
0.88, 325.441
0.88, 327.399
0.88, 326.878
0.88, 333.918
0.88, 332.088
0.88, 336.445
0.88, 333.5
0.88, 329.218
0.88, 331.098
0.88, 333.834
0.88, 325.68
0.88, 332.876
0.88, 327.6
0.88, 331.551
0.9, 331.428
0.9, 332.668
0.9, 346.275
0.9, 335.895
0.9, 341.224
0.9, 337.126
0.9, 332.585
0.9, 334.588
0.9, 341.443
0.9, 342.012
0.9, 341.618
0.9, 344.442
0.9, 338.495
0.9, 339.573
0.9, 345.11
0.9, 339.141
0.9, 334.714
0.9, 347.358
0.9, 340.049
0.9, 337.981
0.9, 349.132
0.9, 336.87
0.9, 338.195
0.9, 333.667
0.9, 338.324
0.9, 332.336
0.9, 339.443
0.9, 340.006
0.9, 335.852
0.9, 340.962
0.9, 341.355
0.9, 335.05
0.9, 340.57
0.9, 338.409
0.9, 337.382
0.9, 343.156
0.9, 339.703
0.9, 341.574
0.9, 343.997
0.9, 338.883
0.9, 339.271
0.9, 339.53
0.9, 334.336
0.9, 335.725
0.9, 346.41
0.9, 338.969
0.9, 338.324
0.9, 343.598
0.9, 335.81
0.9, 345.334
0.9, 335.895
0.92, 337.852
0.92, 338.023
0.92, 356.792
0.92, 342.144
0.92, 347.313
0.92, 353.388
0.92, 346.006
0.92, 343.112
0.92, 341.749
0.92, 343.687
0.92, 347.222
0.92, 355.082
0.92, 352.64
0.92, 345.781
0.92, 346.996
0.92, 343.776
0.92, 342.363
0.92, 357.942
0.92, 342.98
0.92, 350.002
0.92, 347.539
0.92, 351.849
0.92, 346.816
0.92, 357.175
0.92, 344.932
0.92, 343.864
0.92, 345.781
0.92, 349.773
0.92, 345.871
0.92, 347.177
0.92, 346.861
0.92, 348.994
0.92, 349.086
0.92, 342.056
0.92, 346.096
0.92, 338.883
0.92, 348.903
0.92, 345.647
0.92, 359.534
0.92, 342.715
0.92, 347.675
0.92, 342.187
0.92, 347.403
0.92, 344.397
0.92, 348.311
0.92, 343.864
0.92, 352.314
0.92, 346.23
0.92, 357.414
0.92, 345.647
0.92, 346.096
0.94, 341.486
0.94, 348.356
0.94, 357.223
0.94, 351.989
0.94, 351.432
0.94, 352.407
0.94, 355.603
0.94, 350.508
0.94, 348.265
0.94, 361.239
0.94, 355.035
0.94, 362.516
0.94, 356.316
0.94, 362.22
0.94, 356.363
0.94, 354.327
0.94, 348.538
0.94, 354.28
0.94, 346.455
0.94, 360.897
0.94, 356.316
0.94, 360.263
0.94, 356.984
0.94, 355.366
0.94, 356.268
0.94, 357.606
0.94, 349.819
0.94, 361.876
0.94, 355.888
0.94, 353.951
0.94, 353.201
0.94, 353.107
0.94, 353.576
0.94, 348.812
0.94, 349.589
0.94, 354.28
0.94, 357.27
0.94, 357.654
0.94, 357.75
0.94, 360.75
0.94, 359.826
0.94, 352.78
0.94, 375.852
0.94, 354.704
0.94, 355.793
0.94, 351.293
0.94, 360.263
0.94, 355.129
0.94, 356.84
0.94, 352.175
0.94, 350.831
0.96, 352.454
0.96, 361.533
0.96, 357.175
0.96, 367.36
0.96, 358.664
0.96, 361.778
0.96, 362.417
0.96, 362.911
0.96, 358.134
0.96, 360.702
0.96, 362.812
0.96, 364.05
0.96, 362.812
0.96, 365.097
0.96, 366.956
0.96, 361.19
0.96, 362.861
0.96, 361.729
0.96, 367.867
0.96, 362.22
0.96, 367.968
0.96, 367.107
0.96, 369.293
0.96, 359.486
0.96, 359.923
0.96, 361.19
0.96, 361.484
0.96, 362.22
0.96, 362.073
0.96, 372.18
0.96, 371.04
0.96, 362.073
0.96, 364.348
0.96, 363.059
0.96, 364.149
0.96, 361.631
0.96, 364.997
0.96, 363.059
0.96, 364.997
0.96, 363.851
0.96, 363.059
0.96, 364.947
0.96, 361.778
0.96, 368.681
0.96, 364.897
0.96, 372.7
0.96, 364.847
0.96, 367.918
0.96, 357.366
0.96, 365.798
0.96, 365.547
0.98, 362.713
0.98, 383.142
0.98, 380.68
0.98, 383.197
0.98, 392.099
0.98, 387.597
0.98, 384.578
0.98, 383.087
0.98, 390.663
0.98, 391.064
0.98, 393.082
0.98, 388.274
0.98, 384.689
0.98, 382.537
0.98, 391.811
0.98, 391.696
0.98, 385.356
0.98, 393.836
0.98, 394.361
0.98, 391.409
0.98, 386.529
0.98, 387.259
0.98, 380.626
0.98, 393.256
0.98, 389.921
0.98, 389.864
0.98, 389.75
0.98, 392.734
0.98, 388.274
0.98, 390.492
0.98, 384.8
0.98, 394.769
0.98, 394.477
0.98, 395.765
0.98, 387.541
0.98, 389.864
0.98, 385.134
0.98, 388.954
0.98, 386.866
0.98, 391.236
0.98, 391.351
0.98, 396.118
0.98, 389.01
0.98, 389.124
0.98, 387.541
0.98, 388.105
0.98, 389.238
0.98, 396.648
0.98, 390.95
0.98, 394.419
0.98, 386.473
